run_id,game,policy,backend,device,seed,iterations,final_exploitability,final_nash_conv,exploit_auc,nash_auc
kuhn_poker_cfr_seed0_iter1000_epi128_backendpyspiel_cfr_iter1000_cfr_20251017_222840,kuhn_poker,cfr,unknown,unknown,0,1000,0.0009376166469928296,0.0018752332939856592,5.18907430542863,10.37814861085726
kuhn_poker_cfr_seed0_iter1000_epi128_backendpyspiel_cfr_iter1000_cfr_20251017_224424,kuhn_poker,cfr,unknown,unknown,0,1000,0.0009376166469928296,0.0018752332939856592,5.18907430542863,10.37814861085726
kuhn_poker_cfr_seed0_iter1000_epi128_backendpyspiel_devicecpu_cfr_iter1000_cfr_20251020_050315,kuhn_poker,cfr,pyspiel,cpu,0,1000,0.0009376166469928296,0.0018752332939856592,5.18907430542863,10.37814861085726
kuhn_poker_neural_tabular_seed0_iter500_epi128_backendpyspiel_devicecpu_iter500_epi128_pyspiel_neural_20251019_174754,kuhn_poker,neural_tabular,pyspiel,cpu,0,500,0.37499999541666673,0.7499999908333335,208.5283061754468,417.0566123508936
kuhn_poker_neural_tabular_seed0_iter500_epi128_backendrust_devicecpu_iter500_epi128_rust_neural_20251019_233505,kuhn_poker,neural_tabular,rust,cpu,0,500,0.35416666250000006,0.7083333250000001,172.62567456055197,345.25134912110394
kuhn_poker_neural_tabular_seed0_iter500_epi128_backendrust_iter500_epi128_neural_20251017_221950,kuhn_poker,neural_tabular,unknown,unknown,0,500,0.23523935155658993,0.47047870311317985,124.49653119081152,248.99306238162305
kuhn_poker_neural_tabular_seed0_iter500_epi128_backendrust_iter500_epi128_neural_20251017_223518,kuhn_poker,neural_tabular,unknown,unknown,0,500,0.26508714980593345,0.5301742996118669,136.64761998432988,273.29523996865976
kuhn_poker_neural_tabular_seed1_iter500_epi128_backendpyspiel_devicecpu_iter500_epi128_pyspiel_neural_20251019_180538,kuhn_poker,neural_tabular,pyspiel,cpu,1,500,0.4166666608333334,0.8333333216666668,198.34257698476338,396.68515396952677
kuhn_poker_neural_tabular_seed1_iter500_epi128_backendrust_devicecpu_iter500_epi128_rust_neural_20251019_235154,kuhn_poker,neural_tabular,rust,cpu,1,500,0.37499999458333344,0.7499999891666669,195.87067133068973,391.74134266137946
kuhn_poker_neural_tabular_seed1_iter500_epi128_backendrust_iter500_epi128_neural_20251017_222010,kuhn_poker,neural_tabular,unknown,unknown,1,500,0.3333584127228797,0.6667168254457594,145.6389358494336,291.2778716988672
kuhn_poker_neural_tabular_seed1_iter500_epi128_backendrust_iter500_epi128_neural_20251017_223539,kuhn_poker,neural_tabular,unknown,unknown,1,500,0.2713968430233739,0.5427936860467478,160.43690013528408,320.87380027056815
kuhn_poker_neural_tabular_seed2_iter500_epi128_backendpyspiel_devicecpu_iter500_epi128_pyspiel_neural_20251019_182156,kuhn_poker,neural_tabular,pyspiel,cpu,2,500,0.37499999583333343,0.7499999916666669,190.1260162006229,380.2520324012458
kuhn_poker_neural_tabular_seed2_iter500_epi128_backendrust_devicecpu_iter500_epi128_rust_neural_20251020_000810,kuhn_poker,neural_tabular,rust,cpu,2,500,0.3333333295833334,0.6666666591666668,168.13404120159134,336.2680824031827
kuhn_poker_neural_tabular_seed2_iter500_epi128_backendrust_iter500_epi128_neural_20251017_222030,kuhn_poker,neural_tabular,unknown,unknown,2,500,0.34852347045538434,0.6970469409107687,149.7617379911592,299.5234759823184
kuhn_poker_neural_tabular_seed2_iter500_epi128_backendrust_iter500_epi128_neural_20251017_223601,kuhn_poker,neural_tabular,unknown,unknown,2,500,0.3094749676805899,0.6189499353611798,152.9590373134095,305.918074626819
kuhn_poker_neural_tabular_seed3_iter500_epi128_backendpyspiel_devicecpu_iter500_epi128_pyspiel_neural_20251019_183721,kuhn_poker,neural_tabular,pyspiel,cpu,3,500,0.29166666367694827,0.5833333273538965,156.52109841441904,313.0421968288381
kuhn_poker_neural_tabular_seed3_iter500_epi128_backendrust_devicecpu_iter500_epi128_rust_neural_20251020_002400,kuhn_poker,neural_tabular,rust,cpu,3,500,0.5416666575000002,1.0833333150000004,205.17966730012938,410.35933460025876
kuhn_poker_neural_tabular_seed3_iter500_epi128_backendrust_iter500_epi128_neural_20251017_222050,kuhn_poker,neural_tabular,unknown,unknown,3,500,0.32129030946399784,0.6425806189279957,138.82900838675144,277.6580167735029
kuhn_poker_neural_tabular_seed3_iter500_epi128_backendrust_iter500_epi128_neural_20251017_223621,kuhn_poker,neural_tabular,unknown,unknown,3,500,0.3316073405704567,0.6632146811409134,145.42677754281073,290.85355508562145
kuhn_poker_neural_tabular_seed4_iter500_epi128_backendpyspiel_devicecpu_iter500_epi128_pyspiel_neural_20251019_185331,kuhn_poker,neural_tabular,pyspiel,cpu,4,500,0.12499999750000007,0.24999999500000014,75.94157051531259,151.88314103062518
kuhn_poker_neural_tabular_seed4_iter500_epi128_backendrust_devicecpu_iter500_epi128_rust_neural_20251020_004038,kuhn_poker,neural_tabular,rust,cpu,4,500,0.3749999962500001,0.7499999925000002,194.44615682518474,388.8923136503695
kuhn_poker_neural_tabular_seed4_iter500_epi128_backendrust_iter500_epi128_neural_20251017_222109,kuhn_poker,neural_tabular,unknown,unknown,4,500,0.20417529088730443,0.40835058177460887,132.8452150653026,265.6904301306052
kuhn_poker_neural_tabular_seed4_iter500_epi128_backendrust_iter500_epi128_neural_20251017_223642,kuhn_poker,neural_tabular,unknown,unknown,4,500,0.22795761624391134,0.4559152324878227,136.0200627539145,272.040125507829
leduc_poker_cfr_seed0_iter1000_epi128_backendpyspiel_cfr_iter1000_cfr_20251017_222931,leduc_poker,cfr,unknown,unknown,0,1000,0.01181720325037413,0.02363440650074826,59.31419698143802,118.62839396287605
leduc_poker_cfr_seed0_iter1000_epi128_backendpyspiel_cfr_iter1000_cfr_20251017_224519,leduc_poker,cfr,unknown,unknown,0,1000,0.01181720325037413,0.02363440650074826,59.31419698143802,118.62839396287605
leduc_poker_cfr_seed0_iter1000_epi128_backendpyspiel_devicecpu_cfr_iter1000_cfr_20251020_050422,leduc_poker,cfr,pyspiel,cpu,0,1000,0.01181720325037413,0.02363440650074826,59.31419698143802,118.62839396287605
leduc_poker_neural_tabular_seed0_iter500_epi128_backendpyspiel_devicecpu_iter500_epi128_pyspiel_neural_20251019_194702,leduc_poker,neural_tabular,pyspiel,cpu,0,500,2.631712897901755,5.26342579580351,1210.648431563654,2421.296863127308
leduc_poker_neural_tabular_seed0_iter500_epi128_backendrust_devicecpu_iter500_epi128_rust_neural_20251020_013353,leduc_poker,neural_tabular,rust,cpu,0,500,2.4117183267083404,4.823436653416681,1211.2481230158937,2422.4962460317875
leduc_poker_neural_tabular_seed0_iter500_epi128_backendrust_iter500_epi128_neural_20251017_222239,leduc_poker,neural_tabular,unknown,unknown,0,500,2.3872401834160755,4.774480366832151,1193.954331652785,2387.90866330557
leduc_poker_neural_tabular_seed0_iter500_epi128_backendrust_iter500_epi128_neural_20251017_223813,leduc_poker,neural_tabular,unknown,unknown,0,500,2.390292023976717,4.780584047953434,1175.431372242334,2350.862744484668
leduc_poker_neural_tabular_seed1_iter500_epi128_backendpyspiel_devicecpu_iter500_epi128_pyspiel_neural_20251019_203819,leduc_poker,neural_tabular,pyspiel,cpu,1,500,2.370785278605873,4.741570557211746,1181.6066660354284,2363.2133320708567
leduc_poker_neural_tabular_seed1_iter500_epi128_backendrust_devicecpu_iter500_epi128_rust_neural_20251020_022451,leduc_poker,neural_tabular,rust,cpu,1,500,2.390219412432215,4.78043882486443,1183.6862554384177,2367.3725108768353
leduc_poker_neural_tabular_seed1_iter500_epi128_backendrust_iter500_epi128_neural_20251017_222412,leduc_poker,neural_tabular,unknown,unknown,1,500,2.2975472108629154,4.595094421725831,1173.7665754041657,2347.5331508083314
leduc_poker_neural_tabular_seed1_iter500_epi128_backendrust_iter500_epi128_neural_20251017_223945,leduc_poker,neural_tabular,unknown,unknown,1,500,2.461345008666603,4.922690017333206,1195.5316803330047,2391.0633606660094
leduc_poker_neural_tabular_seed2_iter500_epi128_backendpyspiel_devicecpu_iter500_epi128_pyspiel_neural_20251019_213131,leduc_poker,neural_tabular,pyspiel,cpu,2,500,2.6463703725270333,5.292740745054067,1209.7812518045087,2419.5625036090173
leduc_poker_neural_tabular_seed2_iter500_epi128_backendrust_devicecpu_iter500_epi128_rust_neural_20251020_031827,leduc_poker,neural_tabular,rust,cpu,2,500,2.5313518963479416,5.062703792695883,1210.7091693489672,2421.4183386979344
leduc_poker_neural_tabular_seed2_iter500_epi128_backendrust_iter500_epi128_neural_20251017_222543,leduc_poker,neural_tabular,unknown,unknown,2,500,2.480301754309765,4.96060350861953,1218.0976093679235,2436.195218735847
leduc_poker_neural_tabular_seed2_iter500_epi128_backendrust_iter500_epi128_neural_20251017_224118,leduc_poker,neural_tabular,unknown,unknown,2,500,2.372570278444554,4.745140556889108,1186.3516958392445,2372.703391678489
leduc_poker_neural_tabular_seed3_iter500_epi128_backendpyspiel_devicecpu_iter500_epi128_pyspiel_neural_20251019_222434,leduc_poker,neural_tabular,pyspiel,cpu,3,500,2.4053699830604565,4.810739966120913,1187.5114591756526,2375.022918351305
leduc_poker_neural_tabular_seed3_iter500_epi128_backendrust_devicecpu_iter500_epi128_rust_neural_20251020_041100,leduc_poker,neural_tabular,rust,cpu,3,500,2.628946111260709,5.257892222521418,1220.3615450613115,2440.723090122623
leduc_poker_neural_tabular_seed3_iter500_epi128_backendrust_iter500_epi128_neural_20251017_222713,leduc_poker,neural_tabular,unknown,unknown,3,500,2.4136311763698286,4.827262352739657,1187.5017907957356,2375.003581591471
leduc_poker_neural_tabular_seed3_iter500_epi128_backendrust_iter500_epi128_neural_20251017_224250,leduc_poker,neural_tabular,unknown,unknown,3,500,2.5155074128516715,5.031014825703343,1199.5773797821034,2399.154759564207
leduc_poker_neural_tabular_seed4_iter500_epi128_backendpyspiel_devicecpu_iter500_epi128_pyspiel_neural_20251019_231856,leduc_poker,neural_tabular,pyspiel,cpu,4,500,2.4755197667416393,4.951039533483279,1209.609656114975,2419.21931222995
leduc_poker_neural_tabular_seed4_iter500_epi128_backendrust_devicecpu_iter500_epi128_rust_neural_20251020_050309,leduc_poker,neural_tabular,rust,cpu,4,500,2.686005554345681,5.372011108691362,1200.6149991590864,2401.229998318173
leduc_poker_neural_tabular_seed4_iter500_epi128_backendrust_iter500_epi128_neural_20251017_222839,leduc_poker,neural_tabular,unknown,unknown,4,500,2.424316611789312,4.848633223578624,1197.4900171093716,2394.980034218743
leduc_poker_neural_tabular_seed4_iter500_epi128_backendrust_iter500_epi128_neural_20251017_224423,leduc_poker,neural_tabular,unknown,unknown,4,500,2.499710609128601,4.999421218257202,1208.0193970564042,2416.0387941128083
