run_id,game,policy,backend,device,iteration,exploitability,nash_conv,scheduler_loss
leduc_poker_neural_tabular_seed0_iter500_epi128_backendrust_devicecpu_20251019_171716,leduc_poker,neural_tabular,rust,cpu,1,2.373611041250001,4.747222082500002,0.0004734726145472497
leduc_poker_neural_tabular_seed0_iter500_epi128_backendrust_devicecpu_20251019_171716,leduc_poker,neural_tabular,rust,cpu,2,2.3516466063358723,4.703293212671745,0.00032111609549086785
leduc_poker_neural_tabular_seed0_iter500_epi128_backendrust_devicecpu_20251019_171716,leduc_poker,neural_tabular,rust,cpu,3,2.3826086690847683,4.765217338169537,-0.24127667866773286
leduc_poker_neural_tabular_seed0_iter500_epi128_backendrust_devicecpu_20251019_171716,leduc_poker,neural_tabular,rust,cpu,4,2.4040106623904682,4.8080213247809365,-0.5957439221190602
leduc_poker_neural_tabular_seed0_iter500_epi128_backendrust_devicecpu_20251019_171716,leduc_poker,neural_tabular,rust,cpu,5,2.433732446732928,4.867464893465856,-0.86976267378846
leduc_poker_neural_tabular_seed0_iter500_epi128_backendrust_devicecpu_20251019_171716,leduc_poker,neural_tabular,rust,cpu,6,2.3849775275728,4.7699550551456,-0.8858343446154849
leduc_poker_neural_tabular_seed0_iter500_epi128_backendrust_devicecpu_20251019_171716,leduc_poker,neural_tabular,rust,cpu,7,2.4085378270816706,4.817075654163341,-1.1345339901641647
leduc_poker_neural_tabular_seed0_iter500_epi128_backendrust_devicecpu_20251019_171716,leduc_poker,neural_tabular,rust,cpu,8,2.4172954675029192,4.8345909350058385,-1.3001522879070202
leduc_poker_neural_tabular_seed0_iter500_epi128_backendrust_devicecpu_20251019_171716,leduc_poker,neural_tabular,rust,cpu,9,2.434480149780799,4.868960299561598,-1.9118896094936804
leduc_poker_neural_tabular_seed0_iter500_epi128_backendrust_devicecpu_20251019_171716,leduc_poker,neural_tabular,rust,cpu,10,2.418120692429386,4.836241384858772,-1.5395621139890947
leduc_poker_neural_tabular_seed0_iter500_epi128_backendrust_devicecpu_20251019_171716,leduc_poker,neural_tabular,rust,cpu,11,2.442617436264473,4.885234872528946,-1.3561723362790905
leduc_poker_neural_tabular_seed0_iter500_epi128_backendrust_devicecpu_20251019_171716,leduc_poker,neural_tabular,rust,cpu,12,2.451542693701729,4.903085387403458,-1.3843262301213974
leduc_poker_neural_tabular_seed0_iter500_epi128_backendrust_devicecpu_20251019_171716,leduc_poker,neural_tabular,rust,cpu,13,2.44620818304184,4.89241636608368,-1.367631149818815
leduc_poker_neural_tabular_seed0_iter500_epi128_backendrust_devicecpu_20251019_171716,leduc_poker,neural_tabular,rust,cpu,14,2.4315647226379866,4.863129445275973,-1.1028978670798109
leduc_poker_neural_tabular_seed0_iter500_epi128_backendrust_devicecpu_20251019_171716,leduc_poker,neural_tabular,rust,cpu,15,2.4396142711076942,4.8792285422153885,-1.5285679321984937
leduc_poker_neural_tabular_seed0_iter500_epi128_backendrust_devicecpu_20251019_171716,leduc_poker,neural_tabular,rust,cpu,16,2.422220878939931,4.844441757879862,-1.3735324698058466
leduc_poker_neural_tabular_seed0_iter500_epi128_backendrust_devicecpu_20251019_171716,leduc_poker,neural_tabular,rust,cpu,17,2.4094763041091785,4.818952608218357,-1.1552439492782167
leduc_poker_neural_tabular_seed0_iter500_epi128_backendrust_devicecpu_20251019_171716,leduc_poker,neural_tabular,rust,cpu,18,2.401640058348532,4.803280116697064,-1.5022471823996162
leduc_poker_neural_tabular_seed0_iter500_epi128_backendrust_devicecpu_20251019_171716,leduc_poker,neural_tabular,rust,cpu,19,2.3957603183071674,4.791520636614335,-1.7109099039876647
leduc_poker_neural_tabular_seed0_iter500_epi128_backendrust_devicecpu_20251019_171716,leduc_poker,neural_tabular,rust,cpu,20,2.387990496780939,4.775980993561878,-1.6268782998258056
leduc_poker_neural_tabular_seed0_iter500_epi128_backendrust_devicecpu_20251019_171716,leduc_poker,neural_tabular,rust,cpu,21,2.387041711728256,4.774083423456512,-1.4398389982020272
leduc_poker_neural_tabular_seed0_iter500_epi128_backendrust_devicecpu_20251019_171716,leduc_poker,neural_tabular,rust,cpu,22,2.3804556731249003,4.7609113462498005,-1.8228698895588096
leduc_poker_neural_tabular_seed0_iter500_epi128_backendrust_devicecpu_20251019_171716,leduc_poker,neural_tabular,rust,cpu,23,2.377188536383887,4.754377072767774,-1.6164275544190374
leduc_poker_neural_tabular_seed0_iter500_epi128_backendrust_devicecpu_20251019_171716,leduc_poker,neural_tabular,rust,cpu,24,2.380973363369895,4.76194672673979,-1.5714837833009299
leduc_poker_neural_tabular_seed0_iter500_epi128_backendrust_devicecpu_20251019_171716,leduc_poker,neural_tabular,rust,cpu,25,2.3736848220801923,4.7473696441603845,-1.5810637126807197
leduc_poker_neural_tabular_seed0_iter500_epi128_backendrust_devicecpu_20251019_171716,leduc_poker,neural_tabular,rust,cpu,26,2.3754407256191357,4.750881451238271,-1.378900032203245
leduc_poker_neural_tabular_seed0_iter500_epi128_backendrust_devicecpu_20251019_171716,leduc_poker,neural_tabular,rust,cpu,27,2.3664527412512077,4.7329054825024155,-1.75560390578786
leduc_poker_neural_tabular_seed0_iter500_epi128_backendrust_devicecpu_20251019_171716,leduc_poker,neural_tabular,rust,cpu,28,2.368824095192415,4.73764819038483,-1.8536150820970365
leduc_poker_neural_tabular_seed0_iter500_epi128_backendrust_devicecpu_20251019_171716,leduc_poker,neural_tabular,rust,cpu,29,2.3650935446734804,4.730187089346961,-1.8602342810063779
leduc_poker_neural_tabular_seed0_iter500_epi128_backendrust_devicecpu_20251019_171716,leduc_poker,neural_tabular,rust,cpu,30,2.366184089606063,4.732368179212126,-2.1524647457131114
leduc_poker_neural_tabular_seed0_iter500_epi128_backendrust_devicecpu_20251019_171716,leduc_poker,neural_tabular,rust,cpu,31,2.363170425805121,4.726340851610242,-3.062224154957362
leduc_poker_neural_tabular_seed0_iter500_epi128_backendrust_devicecpu_20251019_171716,leduc_poker,neural_tabular,rust,cpu,32,2.363549595321187,4.727099190642374,-3.060966033212973
leduc_poker_neural_tabular_seed0_iter500_epi128_backendrust_devicecpu_20251019_171716,leduc_poker,neural_tabular,rust,cpu,33,2.36973816637994,4.73947633275988,-3.1059433317114733
leduc_poker_neural_tabular_seed0_iter500_epi128_backendrust_devicecpu_20251019_171716,leduc_poker,neural_tabular,rust,cpu,34,2.371062027304326,4.742124054608652,-3.146359529933531
leduc_poker_neural_tabular_seed0_iter500_epi128_backendrust_devicecpu_20251019_171716,leduc_poker,neural_tabular,rust,cpu,35,2.3714425318421846,4.742885063684369,-3.093297130916521
leduc_poker_neural_tabular_seed0_iter500_epi128_backendrust_devicecpu_20251019_171716,leduc_poker,neural_tabular,rust,cpu,36,2.36946278603749,4.73892557207498,-3.4441453845309096
leduc_poker_neural_tabular_seed0_iter500_epi128_backendrust_devicecpu_20251019_171716,leduc_poker,neural_tabular,rust,cpu,37,2.3696074100704023,4.739214820140805,-2.1703755668944695
leduc_poker_neural_tabular_seed0_iter500_epi128_backendrust_devicecpu_20251019_171716,leduc_poker,neural_tabular,rust,cpu,38,2.3710433913587483,4.742086782717497,-2.343128454183813
leduc_poker_neural_tabular_seed0_iter500_epi128_backendrust_devicecpu_20251019_171716,leduc_poker,neural_tabular,rust,cpu,39,2.371855877028649,4.743711754057298,-2.991401244237116
leduc_poker_neural_tabular_seed0_iter500_epi128_backendrust_devicecpu_20251019_171716,leduc_poker,neural_tabular,rust,cpu,40,2.372480904361625,4.74496180872325,-2.897467727909691
leduc_poker_neural_tabular_seed0_iter500_epi128_backendrust_devicecpu_20251019_171716,leduc_poker,neural_tabular,rust,cpu,41,2.3730323705567864,4.746064741113573,-4.618015710531031
leduc_poker_neural_tabular_seed0_iter500_epi128_backendrust_devicecpu_20251019_171716,leduc_poker,neural_tabular,rust,cpu,42,2.373054999968762,4.746109999937524,-5.399872155602077
leduc_poker_neural_tabular_seed0_iter500_epi128_backendrust_devicecpu_20251019_171716,leduc_poker,neural_tabular,rust,cpu,43,2.3731027665329227,4.7462055330658455,-7.0772800822795805
leduc_poker_neural_tabular_seed0_iter500_epi128_backendrust_devicecpu_20251019_171716,leduc_poker,neural_tabular,rust,cpu,44,2.373237740176786,4.746475480353572,-7.371983199710217
leduc_poker_neural_tabular_seed0_iter500_epi128_backendrust_devicecpu_20251019_171716,leduc_poker,neural_tabular,rust,cpu,45,2.3733365116848777,4.746673023369755,-8.413646954428035
leduc_poker_neural_tabular_seed0_iter500_epi128_backendrust_devicecpu_20251019_171716,leduc_poker,neural_tabular,rust,cpu,46,2.3733483254118095,4.746696650823619,-8.981767914212469
leduc_poker_neural_tabular_seed0_iter500_epi128_backendrust_devicecpu_20251019_171716,leduc_poker,neural_tabular,rust,cpu,47,2.3732381582358997,4.746476316471799,-8.172401283338065
leduc_poker_neural_tabular_seed0_iter500_epi128_backendrust_devicecpu_20251019_171716,leduc_poker,neural_tabular,rust,cpu,48,2.373354608800921,4.746709217601842,-6.862924504080721
leduc_poker_neural_tabular_seed0_iter500_epi128_backendrust_devicecpu_20251019_171716,leduc_poker,neural_tabular,rust,cpu,49,2.373367165128724,4.746734330257448,-5.062964241443213
leduc_poker_neural_tabular_seed0_iter500_epi128_backendrust_devicecpu_20251019_171716,leduc_poker,neural_tabular,rust,cpu,50,2.3733166876067067,4.746633375213413,-7.6253619010271505
leduc_poker_neural_tabular_seed0_iter500_epi128_backendrust_devicecpu_20251019_171716,leduc_poker,neural_tabular,rust,cpu,51,2.373270479406443,4.746540958812886,-7.8635620872639915
leduc_poker_neural_tabular_seed0_iter500_epi128_backendrust_devicecpu_20251019_171716,leduc_poker,neural_tabular,rust,cpu,52,2.3734072257741694,4.746814451548339,-6.823906179862859
leduc_poker_neural_tabular_seed0_iter500_epi128_backendrust_devicecpu_20251019_171716,leduc_poker,neural_tabular,rust,cpu,53,2.3733361839765736,4.746672367953147,-5.863825832602318
leduc_poker_neural_tabular_seed0_iter500_epi128_backendrust_devicecpu_20251019_171716,leduc_poker,neural_tabular,rust,cpu,54,2.3733541042686817,4.746708208537363,-9.233126159993727
leduc_poker_neural_tabular_seed0_iter500_epi128_backendrust_devicecpu_20251019_171716,leduc_poker,neural_tabular,rust,cpu,55,2.373506214069247,4.747012428138494,-11.179114756095112
leduc_poker_neural_tabular_seed0_iter500_epi128_backendrust_devicecpu_20251019_171716,leduc_poker,neural_tabular,rust,cpu,56,2.373413815072543,4.746827630145086,-12.879197403854436
leduc_poker_neural_tabular_seed0_iter500_epi128_backendrust_devicecpu_20251019_171716,leduc_poker,neural_tabular,rust,cpu,57,2.3734328658814596,4.746865731762919,-14.20741951982875
leduc_poker_neural_tabular_seed0_iter500_epi128_backendrust_devicecpu_20251019_171716,leduc_poker,neural_tabular,rust,cpu,58,2.3735001537477247,4.747000307495449,-13.310289852671447
leduc_poker_neural_tabular_seed0_iter500_epi128_backendrust_devicecpu_20251019_171716,leduc_poker,neural_tabular,rust,cpu,59,2.3735209691966825,4.747041938393365,-18.5607346819499
leduc_poker_neural_tabular_seed0_iter500_epi128_backendrust_devicecpu_20251019_171716,leduc_poker,neural_tabular,rust,cpu,60,2.3735788848164763,4.7471577696329526,-18.94856567922358
leduc_poker_neural_tabular_seed0_iter500_epi128_backendrust_devicecpu_20251019_171716,leduc_poker,neural_tabular,rust,cpu,61,2.373590654509381,4.747181309018762,-25.285725632276158
leduc_poker_neural_tabular_seed0_iter500_epi128_backendrust_devicecpu_20251019_171716,leduc_poker,neural_tabular,rust,cpu,62,2.3735139687707445,4.747027937541489,-20.823886941137577
leduc_poker_neural_tabular_seed0_iter500_epi128_backendrust_devicecpu_20251019_171716,leduc_poker,neural_tabular,rust,cpu,63,2.3733549315373024,4.746709863074605,-23.18750885567075
leduc_poker_neural_tabular_seed0_iter500_epi128_backendrust_devicecpu_20251019_171716,leduc_poker,neural_tabular,rust,cpu,64,2.373346587740309,4.746693175480618,-19.56123712643657
leduc_poker_neural_tabular_seed0_iter500_epi128_backendrust_devicecpu_20251019_171716,leduc_poker,neural_tabular,rust,cpu,65,2.3734588343176197,4.7469176686352395,-21.847152003134177
leduc_poker_neural_tabular_seed0_iter500_epi128_backendrust_devicecpu_20251019_171716,leduc_poker,neural_tabular,rust,cpu,66,2.3735037704129502,4.7470075408259005,-20.904709061295062
leduc_poker_neural_tabular_seed0_iter500_epi128_backendrust_devicecpu_20251019_171716,leduc_poker,neural_tabular,rust,cpu,67,2.373559471420923,4.747118942841846,-20.893692130073735
leduc_poker_neural_tabular_seed0_iter500_epi128_backendrust_devicecpu_20251019_171716,leduc_poker,neural_tabular,rust,cpu,68,2.3736664143726576,4.747332828745315,-24.172199672813985
leduc_poker_neural_tabular_seed0_iter500_epi128_backendrust_devicecpu_20251019_171716,leduc_poker,neural_tabular,rust,cpu,69,2.373892778145586,4.747785556291172,-24.60229237383201
leduc_poker_neural_tabular_seed0_iter500_epi128_backendrust_devicecpu_20251019_171716,leduc_poker,neural_tabular,rust,cpu,70,2.374041130479197,4.748082260958394,-37.59402928122152
leduc_poker_neural_tabular_seed0_iter500_epi128_backendrust_devicecpu_20251019_171716,leduc_poker,neural_tabular,rust,cpu,71,2.3741912033014554,4.748382406602911,-45.13736548845685
leduc_poker_neural_tabular_seed0_iter500_epi128_backendrust_devicecpu_20251019_171716,leduc_poker,neural_tabular,rust,cpu,72,2.3741467380785513,4.7482934761571025,-44.87761819668988
leduc_poker_neural_tabular_seed0_iter500_epi128_backendrust_devicecpu_20251019_171716,leduc_poker,neural_tabular,rust,cpu,73,2.374217392518645,4.74843478503729,-40.68061296623084
leduc_poker_neural_tabular_seed0_iter500_epi128_backendrust_devicecpu_20251019_171716,leduc_poker,neural_tabular,rust,cpu,74,2.3744711090938475,4.748942218187695,-45.88185904586196
leduc_poker_neural_tabular_seed0_iter500_epi128_backendrust_devicecpu_20251019_171716,leduc_poker,neural_tabular,rust,cpu,75,2.3745937080419894,4.749187416083979,-33.31282360526292
leduc_poker_neural_tabular_seed0_iter500_epi128_backendrust_devicecpu_20251019_171716,leduc_poker,neural_tabular,rust,cpu,76,2.3746552673901293,4.749310534780259,-40.42791843180878
leduc_poker_neural_tabular_seed0_iter500_epi128_backendrust_devicecpu_20251019_171716,leduc_poker,neural_tabular,rust,cpu,77,2.3748111897877573,4.749622379575515,-27.94368644326917
leduc_poker_neural_tabular_seed0_iter500_epi128_backendrust_devicecpu_20251019_171716,leduc_poker,neural_tabular,rust,cpu,78,2.37488855237563,4.74977710475126,-27.608554730650482
leduc_poker_neural_tabular_seed0_iter500_epi128_backendrust_devicecpu_20251019_171716,leduc_poker,neural_tabular,rust,cpu,79,2.3750187252696477,4.7500374505392955,-27.42963006137959
leduc_poker_neural_tabular_seed0_iter500_epi128_backendrust_devicecpu_20251019_171716,leduc_poker,neural_tabular,rust,cpu,80,2.374985960985886,4.749971921971772,-39.59009355760485
leduc_poker_neural_tabular_seed0_iter500_epi128_backendrust_devicecpu_20251019_171716,leduc_poker,neural_tabular,rust,cpu,81,2.3751088034889025,4.750217606977805,-56.138848989976395
leduc_poker_neural_tabular_seed0_iter500_epi128_backendrust_devicecpu_20251019_171716,leduc_poker,neural_tabular,rust,cpu,82,2.375153140912018,4.750306281824036,-60.4099451336185
leduc_poker_neural_tabular_seed0_iter500_epi128_backendrust_devicecpu_20251019_171716,leduc_poker,neural_tabular,rust,cpu,83,2.3752567393152884,4.750513478630577,-61.10956432477017
leduc_poker_neural_tabular_seed0_iter500_epi128_backendrust_devicecpu_20251019_171716,leduc_poker,neural_tabular,rust,cpu,84,2.3753716723996248,4.7507433447992495,-48.790342340574746
leduc_poker_neural_tabular_seed0_iter500_epi128_backendrust_devicecpu_20251019_171716,leduc_poker,neural_tabular,rust,cpu,85,2.3754752653786464,4.750950530757293,-48.88105367428945
leduc_poker_neural_tabular_seed0_iter500_epi128_backendrust_devicecpu_20251019_171716,leduc_poker,neural_tabular,rust,cpu,86,2.3754930294004613,4.7509860588009225,-60.24225583946044
leduc_poker_neural_tabular_seed0_iter500_epi128_backendrust_devicecpu_20251019_171716,leduc_poker,neural_tabular,rust,cpu,87,2.375597906101712,4.751195812203424,-70.0285558082585
leduc_poker_neural_tabular_seed0_iter500_epi128_backendrust_devicecpu_20251019_171716,leduc_poker,neural_tabular,rust,cpu,88,2.3756660297697887,4.751332059539577,-65.63480039008773
leduc_poker_neural_tabular_seed0_iter500_epi128_backendrust_devicecpu_20251019_171716,leduc_poker,neural_tabular,rust,cpu,89,2.375814519302172,4.751629038604344,-60.14596253286564
leduc_poker_neural_tabular_seed0_iter500_epi128_backendrust_devicecpu_20251019_171716,leduc_poker,neural_tabular,rust,cpu,90,2.3759003835846926,4.751800767169385,-56.910236206978105
leduc_poker_neural_tabular_seed0_iter500_epi128_backendrust_devicecpu_20251019_171716,leduc_poker,neural_tabular,rust,cpu,91,2.3760026572137942,4.7520053144275884,-58.62081401171552
leduc_poker_neural_tabular_seed0_iter500_epi128_backendrust_devicecpu_20251019_171716,leduc_poker,neural_tabular,rust,cpu,92,2.376024157677887,4.752048315355774,-54.36933501343087
leduc_poker_neural_tabular_seed0_iter500_epi128_backendrust_devicecpu_20251019_171716,leduc_poker,neural_tabular,rust,cpu,93,2.376188016489763,4.752376032979526,-62.62318583552757
leduc_poker_neural_tabular_seed0_iter500_epi128_backendrust_devicecpu_20251019_171716,leduc_poker,neural_tabular,rust,cpu,94,2.376223848714461,4.752447697428922,-56.07965577076088
leduc_poker_neural_tabular_seed0_iter500_epi128_backendrust_devicecpu_20251019_171716,leduc_poker,neural_tabular,rust,cpu,95,2.376497073135063,4.752994146270126,-60.53006304413315
leduc_poker_neural_tabular_seed0_iter500_epi128_backendrust_devicecpu_20251019_171716,leduc_poker,neural_tabular,rust,cpu,96,2.376557039245559,4.753114078491118,-76.48332499344997
leduc_poker_neural_tabular_seed0_iter500_epi128_backendrust_devicecpu_20251019_171716,leduc_poker,neural_tabular,rust,cpu,97,2.3764897591859144,4.752979518371829,-64.84723056682105
leduc_poker_neural_tabular_seed0_iter500_epi128_backendrust_devicecpu_20251019_171716,leduc_poker,neural_tabular,rust,cpu,98,2.376623908091135,4.75324781618227,-102.10190540700296
leduc_poker_neural_tabular_seed0_iter500_epi128_backendrust_devicecpu_20251019_171716,leduc_poker,neural_tabular,rust,cpu,99,2.3767623618272298,4.7535247236544595,-87.48313846250079
leduc_poker_neural_tabular_seed0_iter500_epi128_backendrust_devicecpu_20251019_171716,leduc_poker,neural_tabular,rust,cpu,100,2.376895911867834,4.753791823735668,-99.00959208811643
leduc_poker_neural_tabular_seed0_iter500_epi128_backendrust_devicecpu_20251019_171716,leduc_poker,neural_tabular,rust,cpu,101,2.3769164649835526,4.753832929967105,-108.59638651323053
leduc_poker_neural_tabular_seed0_iter500_epi128_backendrust_devicecpu_20251019_171716,leduc_poker,neural_tabular,rust,cpu,102,2.377241375204439,4.754482750408878,-103.78074057512265
leduc_poker_neural_tabular_seed0_iter500_epi128_backendrust_devicecpu_20251019_171716,leduc_poker,neural_tabular,rust,cpu,103,2.3773352912765118,4.7546705825530236,-80.66358338971129
leduc_poker_neural_tabular_seed0_iter500_epi128_backendrust_devicecpu_20251019_171716,leduc_poker,neural_tabular,rust,cpu,104,2.377397395975404,4.754794791950808,-75.61724041808735
leduc_poker_neural_tabular_seed0_iter500_epi128_backendrust_devicecpu_20251019_171716,leduc_poker,neural_tabular,rust,cpu,105,2.377451189233997,4.754902378467994,-131.0555471896673
leduc_poker_neural_tabular_seed0_iter500_epi128_backendrust_devicecpu_20251019_171716,leduc_poker,neural_tabular,rust,cpu,106,2.377422123414523,4.754844246829046,-92.96905552479438
leduc_poker_neural_tabular_seed0_iter500_epi128_backendrust_devicecpu_20251019_171716,leduc_poker,neural_tabular,rust,cpu,107,2.3776176418759993,4.755235283751999,-119.26441595947968
leduc_poker_neural_tabular_seed0_iter500_epi128_backendrust_devicecpu_20251019_171716,leduc_poker,neural_tabular,rust,cpu,108,2.3777532080278627,4.755506416055725,-122.48473240771969
leduc_poker_neural_tabular_seed0_iter500_epi128_backendrust_devicecpu_20251019_171716,leduc_poker,neural_tabular,rust,cpu,109,2.3778243374981267,4.755648674996253,-95.69383209867074
leduc_poker_neural_tabular_seed0_iter500_epi128_backendrust_devicecpu_20251019_171716,leduc_poker,neural_tabular,rust,cpu,110,2.3779147547772923,4.755829509554585,-166.25959394825256
leduc_poker_neural_tabular_seed0_iter500_epi128_backendrust_devicecpu_20251019_171716,leduc_poker,neural_tabular,rust,cpu,111,2.3780493465712067,4.756098693142413,-127.37239008504086
leduc_poker_neural_tabular_seed0_iter500_epi128_backendrust_devicecpu_20251019_171716,leduc_poker,neural_tabular,rust,cpu,112,2.3781123328000673,4.756224665600135,-131.91283476907944
leduc_poker_neural_tabular_seed0_iter500_epi128_backendrust_devicecpu_20251019_171716,leduc_poker,neural_tabular,rust,cpu,113,2.3780117985515385,4.756023597103077,-125.61392353227227
leduc_poker_neural_tabular_seed0_iter500_epi128_backendrust_devicecpu_20251019_171716,leduc_poker,neural_tabular,rust,cpu,114,2.3778569219760692,4.7557138439521385,-128.3070114529622
leduc_poker_neural_tabular_seed0_iter500_epi128_backendrust_devicecpu_20251019_171716,leduc_poker,neural_tabular,rust,cpu,115,2.3777778245004573,4.7555556490009145,-97.26902689585704
leduc_poker_neural_tabular_seed0_iter500_epi128_backendrust_devicecpu_20251019_171716,leduc_poker,neural_tabular,rust,cpu,116,2.3776710888614874,4.755342177722975,-121.30607259700884
leduc_poker_neural_tabular_seed0_iter500_epi128_backendrust_devicecpu_20251019_171716,leduc_poker,neural_tabular,rust,cpu,117,2.37770715336005,4.7554143067201,-148.71790423247091
leduc_poker_neural_tabular_seed0_iter500_epi128_backendrust_devicecpu_20251019_171716,leduc_poker,neural_tabular,rust,cpu,118,2.377713810798793,4.755427621597586,-130.2201324637993
leduc_poker_neural_tabular_seed0_iter500_epi128_backendrust_devicecpu_20251019_171716,leduc_poker,neural_tabular,rust,cpu,119,2.3776271493017314,4.755254298603463,-198.99370412926638
leduc_poker_neural_tabular_seed0_iter500_epi128_backendrust_devicecpu_20251019_171716,leduc_poker,neural_tabular,rust,cpu,120,2.377786893049545,4.75557378609909,-182.50106810562775
leduc_poker_neural_tabular_seed0_iter500_epi128_backendrust_devicecpu_20251019_171716,leduc_poker,neural_tabular,rust,cpu,121,2.377811278575701,4.755622557151402,-194.8975578225061
leduc_poker_neural_tabular_seed0_iter500_epi128_backendrust_devicecpu_20251019_171716,leduc_poker,neural_tabular,rust,cpu,122,2.377912097485538,4.755824194971076,-178.63357774515188
leduc_poker_neural_tabular_seed0_iter500_epi128_backendrust_devicecpu_20251019_171716,leduc_poker,neural_tabular,rust,cpu,123,2.377873418907485,4.75574683781497,-153.59166871361705
leduc_poker_neural_tabular_seed0_iter500_epi128_backendrust_devicecpu_20251019_171716,leduc_poker,neural_tabular,rust,cpu,124,2.377926776273779,4.755853552547558,-165.4521352574644
leduc_poker_neural_tabular_seed0_iter500_epi128_backendrust_devicecpu_20251019_171716,leduc_poker,neural_tabular,rust,cpu,125,2.3780312903835545,4.756062580767109,-243.85451065692035
leduc_poker_neural_tabular_seed0_iter500_epi128_backendrust_devicecpu_20251019_171716,leduc_poker,neural_tabular,rust,cpu,126,2.378136759801005,4.75627351960201,-203.2955375056349
leduc_poker_neural_tabular_seed0_iter500_epi128_backendrust_devicecpu_20251019_171716,leduc_poker,neural_tabular,rust,cpu,127,2.3782835820087085,4.756567164017417,-240.80624709669397
leduc_poker_neural_tabular_seed0_iter500_epi128_backendrust_devicecpu_20251019_171716,leduc_poker,neural_tabular,rust,cpu,128,2.378329249989536,4.756658499979072,-269.0144785309301
leduc_poker_neural_tabular_seed0_iter500_epi128_backendrust_devicecpu_20251019_171716,leduc_poker,neural_tabular,rust,cpu,129,2.3784595326541726,4.756919065308345,-243.5415137169966
leduc_poker_neural_tabular_seed0_iter500_epi128_backendrust_devicecpu_20251019_171716,leduc_poker,neural_tabular,rust,cpu,130,2.378562299423594,4.757124598847188,-268.1423468896571
leduc_poker_neural_tabular_seed0_iter500_epi128_backendrust_devicecpu_20251019_171716,leduc_poker,neural_tabular,rust,cpu,131,2.378569538971984,4.757139077943968,-302.1594633897592
leduc_poker_neural_tabular_seed0_iter500_epi128_backendrust_devicecpu_20251019_171716,leduc_poker,neural_tabular,rust,cpu,132,2.3786421876881,4.7572843753762,-257.4289354995219
leduc_poker_neural_tabular_seed0_iter500_epi128_backendrust_devicecpu_20251019_171716,leduc_poker,neural_tabular,rust,cpu,133,2.378686872666214,4.757373745332428,-242.49982629547188
leduc_poker_neural_tabular_seed0_iter500_epi128_backendrust_devicecpu_20251019_171716,leduc_poker,neural_tabular,rust,cpu,134,2.378708712936433,4.757417425872866,-203.0341282839632
leduc_poker_neural_tabular_seed0_iter500_epi128_backendrust_devicecpu_20251019_171716,leduc_poker,neural_tabular,rust,cpu,135,2.378720229991827,4.757440459983654,-306.0897539582057
leduc_poker_neural_tabular_seed0_iter500_epi128_backendrust_devicecpu_20251019_171716,leduc_poker,neural_tabular,rust,cpu,136,2.378724068400974,4.757448136801948,-218.10004623867218
leduc_poker_neural_tabular_seed0_iter500_epi128_backendrust_devicecpu_20251019_171716,leduc_poker,neural_tabular,rust,cpu,137,2.37872482614653,4.75744965229306,-375.5113284734979
leduc_poker_neural_tabular_seed0_iter500_epi128_backendrust_devicecpu_20251019_171716,leduc_poker,neural_tabular,rust,cpu,138,2.378734978582257,4.757469957164514,-288.08973958533466
leduc_poker_neural_tabular_seed0_iter500_epi128_backendrust_devicecpu_20251019_171716,leduc_poker,neural_tabular,rust,cpu,139,2.3787376046568003,4.757475209313601,-362.223945745731
leduc_poker_neural_tabular_seed0_iter500_epi128_backendrust_devicecpu_20251019_171716,leduc_poker,neural_tabular,rust,cpu,140,2.3786502205537645,4.757300441107529,-425.2588089414188
leduc_poker_neural_tabular_seed0_iter500_epi128_backendrust_devicecpu_20251019_171716,leduc_poker,neural_tabular,rust,cpu,141,2.3786785660869554,4.757357132173911,-422.0129994502503
leduc_poker_neural_tabular_seed0_iter500_epi128_backendrust_devicecpu_20251019_171716,leduc_poker,neural_tabular,rust,cpu,142,2.37865868842157,4.75731737684314,-356.18145406830985
leduc_poker_neural_tabular_seed0_iter500_epi128_backendrust_devicecpu_20251019_171716,leduc_poker,neural_tabular,rust,cpu,143,2.3786654978861477,4.757330995772295,-398.1607813033191
leduc_poker_neural_tabular_seed0_iter500_epi128_backendrust_devicecpu_20251019_171716,leduc_poker,neural_tabular,rust,cpu,144,2.378628351420682,4.757256702841364,-369.84109158010733
leduc_poker_neural_tabular_seed0_iter500_epi128_backendrust_devicecpu_20251019_171716,leduc_poker,neural_tabular,rust,cpu,145,2.37864682896055,4.7572936579211,-369.8540818217051
leduc_poker_neural_tabular_seed0_iter500_epi128_backendrust_devicecpu_20251019_171716,leduc_poker,neural_tabular,rust,cpu,146,2.3786712928521063,4.757342585704213,-415.545678590357
leduc_poker_neural_tabular_seed0_iter500_epi128_backendrust_devicecpu_20251019_171716,leduc_poker,neural_tabular,rust,cpu,147,2.3787337674555835,4.757467534911167,-506.0567941924705
leduc_poker_neural_tabular_seed0_iter500_epi128_backendrust_devicecpu_20251019_171716,leduc_poker,neural_tabular,rust,cpu,148,2.378742105700339,4.757484211400678,-384.97647911014286
leduc_poker_neural_tabular_seed0_iter500_epi128_backendrust_devicecpu_20251019_171716,leduc_poker,neural_tabular,rust,cpu,149,2.378711443397667,4.757422886795334,-393.06050789446203
leduc_poker_neural_tabular_seed0_iter500_epi128_backendrust_devicecpu_20251019_171716,leduc_poker,neural_tabular,rust,cpu,150,2.3785299056610514,4.757059811322103,-394.4837495005408
leduc_poker_neural_tabular_seed0_iter500_epi128_backendrust_devicecpu_20251019_171716,leduc_poker,neural_tabular,rust,cpu,151,2.378453922493469,4.756907844986938,-368.4434107698447
leduc_poker_neural_tabular_seed0_iter500_epi128_backendrust_devicecpu_20251019_171716,leduc_poker,neural_tabular,rust,cpu,152,2.37825225878621,4.75650451757242,-487.7538998905672
leduc_poker_neural_tabular_seed0_iter500_epi128_backendrust_devicecpu_20251019_171716,leduc_poker,neural_tabular,rust,cpu,153,2.378143156268354,4.756286312536708,-446.4499924584721
leduc_poker_neural_tabular_seed0_iter500_epi128_backendrust_devicecpu_20251019_171716,leduc_poker,neural_tabular,rust,cpu,154,2.3780474506487463,4.756094901297493,-473.9840640559396
leduc_poker_neural_tabular_seed0_iter500_epi128_backendrust_devicecpu_20251019_171716,leduc_poker,neural_tabular,rust,cpu,155,2.377967397394558,4.755934794789116,-570.8494995418203
leduc_poker_neural_tabular_seed0_iter500_epi128_backendrust_devicecpu_20251019_171716,leduc_poker,neural_tabular,rust,cpu,156,2.3779211735302495,4.755842347060499,-597.2303712978801
leduc_poker_neural_tabular_seed0_iter500_epi128_backendrust_devicecpu_20251019_171716,leduc_poker,neural_tabular,rust,cpu,157,2.377995055747525,4.75599011149505,-590.7380576463589
leduc_poker_neural_tabular_seed0_iter500_epi128_backendrust_devicecpu_20251019_171716,leduc_poker,neural_tabular,rust,cpu,158,2.37798438670039,4.75596877340078,-460.81026013006624
leduc_poker_neural_tabular_seed0_iter500_epi128_backendrust_devicecpu_20251019_171716,leduc_poker,neural_tabular,rust,cpu,159,2.3777925037433922,4.7555850074867845,-594.6906129028683
leduc_poker_neural_tabular_seed0_iter500_epi128_backendrust_devicecpu_20251019_171716,leduc_poker,neural_tabular,rust,cpu,160,2.377676047185174,4.755352094370348,-544.7464384660402
leduc_poker_neural_tabular_seed0_iter500_epi128_backendrust_devicecpu_20251019_171716,leduc_poker,neural_tabular,rust,cpu,161,2.377646602636674,4.755293205273348,-444.07221864346394
leduc_poker_neural_tabular_seed0_iter500_epi128_backendrust_devicecpu_20251019_171716,leduc_poker,neural_tabular,rust,cpu,162,2.3776064406768196,4.755212881353639,-623.4148027673078
leduc_poker_neural_tabular_seed0_iter500_epi128_backendrust_devicecpu_20251019_171716,leduc_poker,neural_tabular,rust,cpu,163,2.377503648445356,4.755007296890712,-682.2263410702957
leduc_poker_neural_tabular_seed0_iter500_epi128_backendrust_devicecpu_20251019_171716,leduc_poker,neural_tabular,rust,cpu,164,2.3774412725088627,4.7548825450177254,-646.0653999058349
leduc_poker_neural_tabular_seed0_iter500_epi128_backendrust_devicecpu_20251019_171716,leduc_poker,neural_tabular,rust,cpu,165,2.377401136037406,4.754802272074812,-793.5308577439768
leduc_poker_neural_tabular_seed0_iter500_epi128_backendrust_devicecpu_20251019_171716,leduc_poker,neural_tabular,rust,cpu,166,2.377254176240005,4.75450835248001,-938.8091430839048
leduc_poker_neural_tabular_seed0_iter500_epi128_backendrust_devicecpu_20251019_171716,leduc_poker,neural_tabular,rust,cpu,167,2.377074272870982,4.754148545741964,-811.9863717494446
leduc_poker_neural_tabular_seed0_iter500_epi128_backendrust_devicecpu_20251019_171716,leduc_poker,neural_tabular,rust,cpu,168,2.3769042091546577,4.753808418309315,-751.6498640125254
leduc_poker_neural_tabular_seed0_iter500_epi128_backendrust_devicecpu_20251019_171716,leduc_poker,neural_tabular,rust,cpu,169,2.376723562248135,4.75344712449627,-781.4732753512768
leduc_poker_neural_tabular_seed0_iter500_epi128_backendrust_devicecpu_20251019_171716,leduc_poker,neural_tabular,rust,cpu,170,2.3765355291358983,4.7530710582717965,-650.1139305138867
leduc_poker_neural_tabular_seed0_iter500_epi128_backendrust_devicecpu_20251019_171716,leduc_poker,neural_tabular,rust,cpu,171,2.376313140350063,4.752626280700126,-656.6612298803509
leduc_poker_neural_tabular_seed0_iter500_epi128_backendrust_devicecpu_20251019_171716,leduc_poker,neural_tabular,rust,cpu,172,2.376167546560891,4.752335093121782,-652.126429325563
leduc_poker_neural_tabular_seed0_iter500_epi128_backendrust_devicecpu_20251019_171716,leduc_poker,neural_tabular,rust,cpu,173,2.376110225159887,4.752220450319774,-731.758808827653
leduc_poker_neural_tabular_seed0_iter500_epi128_backendrust_devicecpu_20251019_171716,leduc_poker,neural_tabular,rust,cpu,174,2.3760522487119156,4.752104497423831,-559.8666029221623
leduc_poker_neural_tabular_seed0_iter500_epi128_backendrust_devicecpu_20251019_171716,leduc_poker,neural_tabular,rust,cpu,175,2.3759654217535218,4.7519308435070435,-788.0534173502798
leduc_poker_neural_tabular_seed0_iter500_epi128_backendrust_devicecpu_20251019_171716,leduc_poker,neural_tabular,rust,cpu,176,2.375828160144584,4.751656320289168,-953.8899613380432
leduc_poker_neural_tabular_seed0_iter500_epi128_backendrust_devicecpu_20251019_171716,leduc_poker,neural_tabular,rust,cpu,177,2.375783239418465,4.75156647883693,-779.2737634322223
leduc_poker_neural_tabular_seed0_iter500_epi128_backendrust_devicecpu_20251019_171716,leduc_poker,neural_tabular,rust,cpu,178,2.3757031714656884,4.751406342931377,-883.7538439669881
leduc_poker_neural_tabular_seed0_iter500_epi128_backendrust_devicecpu_20251019_171716,leduc_poker,neural_tabular,rust,cpu,179,2.3756251235027612,4.7512502470055225,-871.731202097943
leduc_poker_neural_tabular_seed0_iter500_epi128_backendrust_devicecpu_20251019_171716,leduc_poker,neural_tabular,rust,cpu,180,2.3755775984333365,4.751155196866673,-814.5790498552532
leduc_poker_neural_tabular_seed0_iter500_epi128_backendrust_devicecpu_20251019_171716,leduc_poker,neural_tabular,rust,cpu,181,2.37561654973395,4.7512330994679,-778.3825703836837
leduc_poker_neural_tabular_seed0_iter500_epi128_backendrust_devicecpu_20251019_171716,leduc_poker,neural_tabular,rust,cpu,182,2.3754819853951763,4.750963970790353,-858.8928657548921
leduc_poker_neural_tabular_seed0_iter500_epi128_backendrust_devicecpu_20251019_171716,leduc_poker,neural_tabular,rust,cpu,183,2.375380067843768,4.750760135687536,-971.8654471910241
leduc_poker_neural_tabular_seed0_iter500_epi128_backendrust_devicecpu_20251019_171716,leduc_poker,neural_tabular,rust,cpu,184,2.375358262715086,4.750716525430172,-690.1775404691696
leduc_poker_neural_tabular_seed0_iter500_epi128_backendrust_devicecpu_20251019_171716,leduc_poker,neural_tabular,rust,cpu,185,2.3752370269066194,4.750474053813239,-844.6699107703813
leduc_poker_neural_tabular_seed0_iter500_epi128_backendrust_devicecpu_20251019_171716,leduc_poker,neural_tabular,rust,cpu,186,2.375002206119836,4.750004412239672,-953.0856389811051
leduc_poker_neural_tabular_seed0_iter500_epi128_backendrust_devicecpu_20251019_171716,leduc_poker,neural_tabular,rust,cpu,187,2.3749255333403445,4.749851066680689,-922.7086341668975
leduc_poker_neural_tabular_seed0_iter500_epi128_backendrust_devicecpu_20251019_171716,leduc_poker,neural_tabular,rust,cpu,188,2.3748633920448343,4.749726784089669,-981.9400342555009
leduc_poker_neural_tabular_seed0_iter500_epi128_backendrust_devicecpu_20251019_171716,leduc_poker,neural_tabular,rust,cpu,189,2.374836319516961,4.749672639033922,-871.2707866047998
leduc_poker_neural_tabular_seed0_iter500_epi128_backendrust_devicecpu_20251019_171716,leduc_poker,neural_tabular,rust,cpu,190,2.374717379015122,4.749434758030244,-1081.3533919939728
leduc_poker_neural_tabular_seed0_iter500_epi128_backendrust_devicecpu_20251019_171716,leduc_poker,neural_tabular,rust,cpu,191,2.37455918818849,4.74911837637698,-1277.2967283449495
leduc_poker_neural_tabular_seed0_iter500_epi128_backendrust_devicecpu_20251019_171716,leduc_poker,neural_tabular,rust,cpu,192,2.374423503792981,4.748847007585962,-1318.899107386084
leduc_poker_neural_tabular_seed0_iter500_epi128_backendrust_devicecpu_20251019_171716,leduc_poker,neural_tabular,rust,cpu,193,2.374451697029266,4.748903394058532,-1315.679681684179
leduc_poker_neural_tabular_seed0_iter500_epi128_backendrust_devicecpu_20251019_171716,leduc_poker,neural_tabular,rust,cpu,194,2.37437628881265,4.7487525776253,-1296.091291042725
leduc_poker_neural_tabular_seed0_iter500_epi128_backendrust_devicecpu_20251019_171716,leduc_poker,neural_tabular,rust,cpu,195,2.3742630472288337,4.7485260944576675,-1223.893071580148
leduc_poker_neural_tabular_seed0_iter500_epi128_backendrust_devicecpu_20251019_171716,leduc_poker,neural_tabular,rust,cpu,196,2.3741635185233303,4.748327037046661,-1112.5870595266003
leduc_poker_neural_tabular_seed0_iter500_epi128_backendrust_devicecpu_20251019_171716,leduc_poker,neural_tabular,rust,cpu,197,2.3740792245034106,4.748158449006821,-1458.2313317384007
leduc_poker_neural_tabular_seed0_iter500_epi128_backendrust_devicecpu_20251019_171716,leduc_poker,neural_tabular,rust,cpu,198,2.3738217336638687,4.7476434673277375,-1464.587917529793
leduc_poker_neural_tabular_seed0_iter500_epi128_backendrust_devicecpu_20251019_171716,leduc_poker,neural_tabular,rust,cpu,199,2.373656892144628,4.747313784289256,-1268.5214108814994
leduc_poker_neural_tabular_seed0_iter500_epi128_backendrust_devicecpu_20251019_171716,leduc_poker,neural_tabular,rust,cpu,200,2.3736277166699176,4.747255433339835,-1017.0830310507665
leduc_poker_neural_tabular_seed0_iter500_epi128_backendrust_devicecpu_20251019_171716,leduc_poker,neural_tabular,rust,cpu,201,2.3735926911617966,4.747185382323593,-1128.0777570794482
leduc_poker_neural_tabular_seed0_iter500_epi128_backendrust_devicecpu_20251019_171716,leduc_poker,neural_tabular,rust,cpu,202,2.373409305013161,4.746818610026322,-1236.9787508793454
leduc_poker_neural_tabular_seed0_iter500_epi128_backendrust_devicecpu_20251019_171716,leduc_poker,neural_tabular,rust,cpu,203,2.373256618858141,4.746513237716282,-1397.7001812945512
leduc_poker_neural_tabular_seed0_iter500_epi128_backendrust_devicecpu_20251019_171716,leduc_poker,neural_tabular,rust,cpu,204,2.3731639597222265,4.746327919444453,-1186.9291522258036
leduc_poker_neural_tabular_seed0_iter500_epi128_backendrust_devicecpu_20251019_171716,leduc_poker,neural_tabular,rust,cpu,205,2.373122683153298,4.746245366306596,-1095.8213033180732
leduc_poker_neural_tabular_seed0_iter500_epi128_backendrust_devicecpu_20251019_171716,leduc_poker,neural_tabular,rust,cpu,206,2.3730145502112823,4.7460291004225645,-1335.709617546376
leduc_poker_neural_tabular_seed0_iter500_epi128_backendrust_devicecpu_20251019_171716,leduc_poker,neural_tabular,rust,cpu,207,2.3729464143644705,4.745892828728941,-1167.9508376637502
leduc_poker_neural_tabular_seed0_iter500_epi128_backendrust_devicecpu_20251019_171716,leduc_poker,neural_tabular,rust,cpu,208,2.37280191159571,4.74560382319142,-1358.46688589629
leduc_poker_neural_tabular_seed0_iter500_epi128_backendrust_devicecpu_20251019_171716,leduc_poker,neural_tabular,rust,cpu,209,2.3726871708249497,4.7453743416498995,-1629.3364710208498
leduc_poker_neural_tabular_seed0_iter500_epi128_backendrust_devicecpu_20251019_171716,leduc_poker,neural_tabular,rust,cpu,210,2.3724629433892943,4.744925886778589,-1306.9521944271435
leduc_poker_neural_tabular_seed0_iter500_epi128_backendrust_devicecpu_20251019_171716,leduc_poker,neural_tabular,rust,cpu,211,2.3723726723173817,4.744745344634763,-1297.7299776413663
leduc_poker_neural_tabular_seed0_iter500_epi128_backendrust_devicecpu_20251019_171716,leduc_poker,neural_tabular,rust,cpu,212,2.372326184003726,4.744652368007452,-1388.2587499384704
leduc_poker_neural_tabular_seed0_iter500_epi128_backendrust_devicecpu_20251019_171716,leduc_poker,neural_tabular,rust,cpu,213,2.3721178852834823,4.744235770566965,-1612.5196858277193
leduc_poker_neural_tabular_seed0_iter500_epi128_backendrust_devicecpu_20251019_171716,leduc_poker,neural_tabular,rust,cpu,214,2.3720253432614946,4.744050686522989,-1465.1921302250453
leduc_poker_neural_tabular_seed0_iter500_epi128_backendrust_devicecpu_20251019_171716,leduc_poker,neural_tabular,rust,cpu,215,2.371912079202961,4.743824158405922,-1409.753405894233
leduc_poker_neural_tabular_seed0_iter500_epi128_backendrust_devicecpu_20251019_171716,leduc_poker,neural_tabular,rust,cpu,216,2.371762221677474,4.743524443354948,-1427.9229457913439
leduc_poker_neural_tabular_seed0_iter500_epi128_backendrust_devicecpu_20251019_171716,leduc_poker,neural_tabular,rust,cpu,217,2.3716741283531384,4.743348256706277,-1214.9777330177933
leduc_poker_neural_tabular_seed0_iter500_epi128_backendrust_devicecpu_20251019_171716,leduc_poker,neural_tabular,rust,cpu,218,2.371579180542745,4.74315836108549,-1508.3456048859882
leduc_poker_neural_tabular_seed0_iter500_epi128_backendrust_devicecpu_20251019_171716,leduc_poker,neural_tabular,rust,cpu,219,2.371549870452764,4.743099740905528,-1439.2433631638405
leduc_poker_neural_tabular_seed0_iter500_epi128_backendrust_devicecpu_20251019_171716,leduc_poker,neural_tabular,rust,cpu,220,2.3715908610934644,4.743181722186929,-1283.26291056007
leduc_poker_neural_tabular_seed0_iter500_epi128_backendrust_devicecpu_20251019_171716,leduc_poker,neural_tabular,rust,cpu,221,2.3716401377941314,4.743280275588263,-1674.2718616883105
leduc_poker_neural_tabular_seed0_iter500_epi128_backendrust_devicecpu_20251019_171716,leduc_poker,neural_tabular,rust,cpu,222,2.3716198319184714,4.743239663836943,-1548.3350135016829
leduc_poker_neural_tabular_seed0_iter500_epi128_backendrust_devicecpu_20251019_171716,leduc_poker,neural_tabular,rust,cpu,223,2.371560479305648,4.743120958611296,-1442.431121263289
leduc_poker_neural_tabular_seed0_iter500_epi128_backendrust_devicecpu_20251019_171716,leduc_poker,neural_tabular,rust,cpu,224,2.3714735024969094,4.742947004993819,-1778.6263354648243
leduc_poker_neural_tabular_seed0_iter500_epi128_backendrust_devicecpu_20251019_171716,leduc_poker,neural_tabular,rust,cpu,225,2.371262024718039,4.742524049436078,-1820.7208078614958
leduc_poker_neural_tabular_seed0_iter500_epi128_backendrust_devicecpu_20251019_171716,leduc_poker,neural_tabular,rust,cpu,226,2.371139837416134,4.742279674832268,-1725.1575807810723
leduc_poker_neural_tabular_seed0_iter500_epi128_backendrust_devicecpu_20251019_171716,leduc_poker,neural_tabular,rust,cpu,227,2.3710207182216143,4.742041436443229,-2168.2613024124203
leduc_poker_neural_tabular_seed0_iter500_epi128_backendrust_devicecpu_20251019_171716,leduc_poker,neural_tabular,rust,cpu,228,2.37078368571263,4.74156737142526,-1893.2402737998962
leduc_poker_neural_tabular_seed0_iter500_epi128_backendrust_devicecpu_20251019_171716,leduc_poker,neural_tabular,rust,cpu,229,2.3706398772201256,4.741279754440251,-1797.6049577254282
leduc_poker_neural_tabular_seed0_iter500_epi128_backendrust_devicecpu_20251019_171716,leduc_poker,neural_tabular,rust,cpu,230,2.3705605908799154,4.741121181759831,-1793.28965097204
leduc_poker_neural_tabular_seed0_iter500_epi128_backendrust_devicecpu_20251019_171716,leduc_poker,neural_tabular,rust,cpu,231,2.370472201096543,4.740944402193086,-1774.5785988389516
leduc_poker_neural_tabular_seed0_iter500_epi128_backendrust_devicecpu_20251019_171716,leduc_poker,neural_tabular,rust,cpu,232,2.3703828169967514,4.740765633993503,-2193.4187386554954
leduc_poker_neural_tabular_seed0_iter500_epi128_backendrust_devicecpu_20251019_171716,leduc_poker,neural_tabular,rust,cpu,233,2.370345740393484,4.740691480786968,-2305.1140020291723
leduc_poker_neural_tabular_seed0_iter500_epi128_backendrust_devicecpu_20251019_171716,leduc_poker,neural_tabular,rust,cpu,234,2.3703325029710234,4.740665005942047,-2158.5272716622603
leduc_poker_neural_tabular_seed0_iter500_epi128_backendrust_devicecpu_20251019_171716,leduc_poker,neural_tabular,rust,cpu,235,2.370292274409336,4.740584548818672,-2013.0853428521596
leduc_poker_neural_tabular_seed0_iter500_epi128_backendrust_devicecpu_20251019_171716,leduc_poker,neural_tabular,rust,cpu,236,2.370253443014905,4.74050688602981,-2239.924188482577
leduc_poker_neural_tabular_seed0_iter500_epi128_backendrust_devicecpu_20251019_171716,leduc_poker,neural_tabular,rust,cpu,237,2.3702260120624983,4.7404520241249966,-2461.325597752825
leduc_poker_neural_tabular_seed0_iter500_epi128_backendrust_devicecpu_20251019_171716,leduc_poker,neural_tabular,rust,cpu,238,2.370239984686592,4.740479969373184,-2241.9889511251704
leduc_poker_neural_tabular_seed0_iter500_epi128_backendrust_devicecpu_20251019_171716,leduc_poker,neural_tabular,rust,cpu,239,2.3701783032098236,4.740356606419647,-1376.880446317209
leduc_poker_neural_tabular_seed0_iter500_epi128_backendrust_devicecpu_20251019_171716,leduc_poker,neural_tabular,rust,cpu,240,2.370048909203182,4.740097818406364,-1652.903650963764
leduc_poker_neural_tabular_seed0_iter500_epi128_backendrust_devicecpu_20251019_171716,leduc_poker,neural_tabular,rust,cpu,241,2.3698250498425333,4.739650099685067,-2007.3021303152996
leduc_poker_neural_tabular_seed0_iter500_epi128_backendrust_devicecpu_20251019_171716,leduc_poker,neural_tabular,rust,cpu,242,2.369688471753505,4.73937694350701,-2439.903762144774
leduc_poker_neural_tabular_seed0_iter500_epi128_backendrust_devicecpu_20251019_171716,leduc_poker,neural_tabular,rust,cpu,243,2.3696109853240177,4.739221970648035,-2383.1106444687257
leduc_poker_neural_tabular_seed0_iter500_epi128_backendrust_devicecpu_20251019_171716,leduc_poker,neural_tabular,rust,cpu,244,2.369561829163265,4.73912365832653,-2710.4819038074347
leduc_poker_neural_tabular_seed0_iter500_epi128_backendrust_devicecpu_20251019_171716,leduc_poker,neural_tabular,rust,cpu,245,2.369512008619946,4.739024017239892,-2542.5740811617115
leduc_poker_neural_tabular_seed0_iter500_epi128_backendrust_devicecpu_20251019_171716,leduc_poker,neural_tabular,rust,cpu,246,2.3694797270108467,4.7389594540216935,-2551.996653416678
leduc_poker_neural_tabular_seed0_iter500_epi128_backendrust_devicecpu_20251019_171716,leduc_poker,neural_tabular,rust,cpu,247,2.369393740535795,4.73878748107159,-2337.031112398906
leduc_poker_neural_tabular_seed0_iter500_epi128_backendrust_devicecpu_20251019_171716,leduc_poker,neural_tabular,rust,cpu,248,2.3693504992881147,4.738700998576229,-2130.551802874851
leduc_poker_neural_tabular_seed0_iter500_epi128_backendrust_devicecpu_20251019_171716,leduc_poker,neural_tabular,rust,cpu,249,2.3693411921697463,4.7386823843394925,-1948.504506777873
leduc_poker_neural_tabular_seed0_iter500_epi128_backendrust_devicecpu_20251019_171716,leduc_poker,neural_tabular,rust,cpu,250,2.369332426655254,4.738664853310508,-1933.3983693166133
leduc_poker_neural_tabular_seed0_iter500_epi128_backendrust_devicecpu_20251019_171716,leduc_poker,neural_tabular,rust,cpu,251,2.369337897536208,4.738675795072416,-2323.394634335382
leduc_poker_neural_tabular_seed0_iter500_epi128_backendrust_devicecpu_20251019_171716,leduc_poker,neural_tabular,rust,cpu,252,2.369338490264136,4.738676980528272,-2486.7329870394296
leduc_poker_neural_tabular_seed0_iter500_epi128_backendrust_devicecpu_20251019_171716,leduc_poker,neural_tabular,rust,cpu,253,2.369446687762853,4.738893375525706,-2689.791653090362
leduc_poker_neural_tabular_seed0_iter500_epi128_backendrust_devicecpu_20251019_171716,leduc_poker,neural_tabular,rust,cpu,254,2.3695280248164607,4.7390560496329215,-2694.568556270768
leduc_poker_neural_tabular_seed0_iter500_epi128_backendrust_devicecpu_20251019_171716,leduc_poker,neural_tabular,rust,cpu,255,2.3695524195363897,4.7391048390727795,-2854.244206226035
leduc_poker_neural_tabular_seed0_iter500_epi128_backendrust_devicecpu_20251019_171716,leduc_poker,neural_tabular,rust,cpu,256,2.369589275522475,4.73917855104495,-2895.6352559084753
leduc_poker_neural_tabular_seed0_iter500_epi128_backendrust_devicecpu_20251019_171716,leduc_poker,neural_tabular,rust,cpu,257,2.3696942664118694,4.739388532823739,-2270.137679787267
leduc_poker_neural_tabular_seed0_iter500_epi128_backendrust_devicecpu_20251019_171716,leduc_poker,neural_tabular,rust,cpu,258,2.369787240465266,4.739574480930532,-1913.0025392829948
leduc_poker_neural_tabular_seed0_iter500_epi128_backendrust_devicecpu_20251019_171716,leduc_poker,neural_tabular,rust,cpu,259,2.3698835404992478,4.7397670809984955,-2087.5228731517013
leduc_poker_neural_tabular_seed0_iter500_epi128_backendrust_devicecpu_20251019_171716,leduc_poker,neural_tabular,rust,cpu,260,2.369984767041197,4.739969534082394,-2190.980788127095
leduc_poker_neural_tabular_seed0_iter500_epi128_backendrust_devicecpu_20251019_171716,leduc_poker,neural_tabular,rust,cpu,261,2.3701139666818403,4.7402279333636805,-3385.554003902448
leduc_poker_neural_tabular_seed0_iter500_epi128_backendrust_devicecpu_20251019_171716,leduc_poker,neural_tabular,rust,cpu,262,2.3702189078739764,4.740437815747953,-3673.7256030094477
leduc_poker_neural_tabular_seed0_iter500_epi128_backendrust_devicecpu_20251019_171716,leduc_poker,neural_tabular,rust,cpu,263,2.3704257570560214,4.740851514112043,-3072.081656480007
leduc_poker_neural_tabular_seed0_iter500_epi128_backendrust_devicecpu_20251019_171716,leduc_poker,neural_tabular,rust,cpu,264,2.3705597622499086,4.741119524499817,-3178.3413137635794
leduc_poker_neural_tabular_seed0_iter500_epi128_backendrust_devicecpu_20251019_171716,leduc_poker,neural_tabular,rust,cpu,265,2.370637288872214,4.741274577744428,-3144.0364521302454
leduc_poker_neural_tabular_seed0_iter500_epi128_backendrust_devicecpu_20251019_171716,leduc_poker,neural_tabular,rust,cpu,266,2.3707921666191627,4.741584333238325,-2574.22024753073
leduc_poker_neural_tabular_seed0_iter500_epi128_backendrust_devicecpu_20251019_171716,leduc_poker,neural_tabular,rust,cpu,267,2.370982611132514,4.741965222265028,-2654.648874247968
leduc_poker_neural_tabular_seed0_iter500_epi128_backendrust_devicecpu_20251019_171716,leduc_poker,neural_tabular,rust,cpu,268,2.3711753532357784,4.742350706471557,-3102.457042759976
leduc_poker_neural_tabular_seed0_iter500_epi128_backendrust_devicecpu_20251019_171716,leduc_poker,neural_tabular,rust,cpu,269,2.371334019988941,4.742668039977882,-2959.6243747964604
leduc_poker_neural_tabular_seed0_iter500_epi128_backendrust_devicecpu_20251019_171716,leduc_poker,neural_tabular,rust,cpu,270,2.371549548753925,4.74309909750785,-3626.4823363214477
leduc_poker_neural_tabular_seed0_iter500_epi128_backendrust_devicecpu_20251019_171716,leduc_poker,neural_tabular,rust,cpu,271,2.371779174795019,4.743558349590038,-4212.828034887094
leduc_poker_neural_tabular_seed0_iter500_epi128_backendrust_devicecpu_20251019_171716,leduc_poker,neural_tabular,rust,cpu,272,2.372042593047003,4.744085186094006,-3309.143026464339
leduc_poker_neural_tabular_seed0_iter500_epi128_backendrust_devicecpu_20251019_171716,leduc_poker,neural_tabular,rust,cpu,273,2.3723025968216116,4.744605193643223,-3194.5429427322497
leduc_poker_neural_tabular_seed0_iter500_epi128_backendrust_devicecpu_20251019_171716,leduc_poker,neural_tabular,rust,cpu,274,2.3724949181841626,4.744989836368325,-2558.4687298912986
leduc_poker_neural_tabular_seed0_iter500_epi128_backendrust_devicecpu_20251019_171716,leduc_poker,neural_tabular,rust,cpu,275,2.3726930764124656,4.745386152824931,-2981.8855118544207
leduc_poker_neural_tabular_seed0_iter500_epi128_backendrust_devicecpu_20251019_171716,leduc_poker,neural_tabular,rust,cpu,276,2.373018977310126,4.746037954620252,-2693.046053944109
leduc_poker_neural_tabular_seed0_iter500_epi128_backendrust_devicecpu_20251019_171716,leduc_poker,neural_tabular,rust,cpu,277,2.3732563185597173,4.746512637119435,-2568.4578923793583
leduc_poker_neural_tabular_seed0_iter500_epi128_backendrust_devicecpu_20251019_171716,leduc_poker,neural_tabular,rust,cpu,278,2.3734760654691374,4.746952130938275,-3350.9056156751544
leduc_poker_neural_tabular_seed0_iter500_epi128_backendrust_devicecpu_20251019_171716,leduc_poker,neural_tabular,rust,cpu,279,2.373666297197281,4.747332594394562,-3410.6597409415076
leduc_poker_neural_tabular_seed0_iter500_epi128_backendrust_devicecpu_20251019_171716,leduc_poker,neural_tabular,rust,cpu,280,2.3737662034122797,4.7475324068245595,-4576.727573026272
leduc_poker_neural_tabular_seed0_iter500_epi128_backendrust_devicecpu_20251019_171716,leduc_poker,neural_tabular,rust,cpu,281,2.3738974631894516,4.747794926378903,-4338.905800695587
leduc_poker_neural_tabular_seed0_iter500_epi128_backendrust_devicecpu_20251019_171716,leduc_poker,neural_tabular,rust,cpu,282,2.3740353889324735,4.748070777864947,-4379.877544168653
leduc_poker_neural_tabular_seed0_iter500_epi128_backendrust_devicecpu_20251019_171716,leduc_poker,neural_tabular,rust,cpu,283,2.374171040144638,4.748342080289276,-3700.209077925273
leduc_poker_neural_tabular_seed0_iter500_epi128_backendrust_devicecpu_20251019_171716,leduc_poker,neural_tabular,rust,cpu,284,2.37438473764724,4.74876947529448,-3515.3347979543923
leduc_poker_neural_tabular_seed0_iter500_epi128_backendrust_devicecpu_20251019_171716,leduc_poker,neural_tabular,rust,cpu,285,2.3745070022512724,4.749014004502545,-3948.2528737520624
leduc_poker_neural_tabular_seed0_iter500_epi128_backendrust_devicecpu_20251019_171716,leduc_poker,neural_tabular,rust,cpu,286,2.374593337012975,4.74918667402595,-3712.768822565541
leduc_poker_neural_tabular_seed0_iter500_epi128_backendrust_devicecpu_20251019_171716,leduc_poker,neural_tabular,rust,cpu,287,2.3747482580742787,4.749496516148557,-4053.5814047358176
leduc_poker_neural_tabular_seed0_iter500_epi128_backendrust_devicecpu_20251019_171716,leduc_poker,neural_tabular,rust,cpu,288,2.3748627078546014,4.749725415709203,-3656.8353765166967
leduc_poker_neural_tabular_seed0_iter500_epi128_backendrust_devicecpu_20251019_171716,leduc_poker,neural_tabular,rust,cpu,289,2.375042876574217,4.750085753148434,-4625.140318168015
leduc_poker_neural_tabular_seed0_iter500_epi128_backendrust_devicecpu_20251019_171716,leduc_poker,neural_tabular,rust,cpu,290,2.3752194305260064,4.750438861052013,-4703.662330209483
leduc_poker_neural_tabular_seed0_iter500_epi128_backendrust_devicecpu_20251019_171716,leduc_poker,neural_tabular,rust,cpu,291,2.375492544128558,4.750985088257116,-4385.926425210361
leduc_poker_neural_tabular_seed0_iter500_epi128_backendrust_devicecpu_20251019_171716,leduc_poker,neural_tabular,rust,cpu,292,2.375714433669576,4.751428867339152,-4053.797144872862
leduc_poker_neural_tabular_seed0_iter500_epi128_backendrust_devicecpu_20251019_171716,leduc_poker,neural_tabular,rust,cpu,293,2.3759943032925164,4.751988606585033,-3807.023289867779
leduc_poker_neural_tabular_seed0_iter500_epi128_backendrust_devicecpu_20251019_171716,leduc_poker,neural_tabular,rust,cpu,294,2.376292654730586,4.752585309461172,-4484.513456962383
leduc_poker_neural_tabular_seed0_iter500_epi128_backendrust_devicecpu_20251019_171716,leduc_poker,neural_tabular,rust,cpu,295,2.3765618706457836,4.753123741291567,-3805.9090862411886
leduc_poker_neural_tabular_seed0_iter500_epi128_backendrust_devicecpu_20251019_171716,leduc_poker,neural_tabular,rust,cpu,296,2.376790488418183,4.753580976836366,-4234.381270471329
leduc_poker_neural_tabular_seed0_iter500_epi128_backendrust_devicecpu_20251019_171716,leduc_poker,neural_tabular,rust,cpu,297,2.3770868561484813,4.7541737122969625,-4245.47821833206
leduc_poker_neural_tabular_seed0_iter500_epi128_backendrust_devicecpu_20251019_171716,leduc_poker,neural_tabular,rust,cpu,298,2.3773199940712773,4.7546399881425545,-4577.003472025295
leduc_poker_neural_tabular_seed0_iter500_epi128_backendrust_devicecpu_20251019_171716,leduc_poker,neural_tabular,rust,cpu,299,2.3775517117196534,4.755103423439307,-4768.248014986303
leduc_poker_neural_tabular_seed0_iter500_epi128_backendrust_devicecpu_20251019_171716,leduc_poker,neural_tabular,rust,cpu,300,2.377752845670055,4.75550569134011,-5219.354541215411
leduc_poker_neural_tabular_seed0_iter500_epi128_backendrust_devicecpu_20251019_171716,leduc_poker,neural_tabular,rust,cpu,301,2.3779946032841743,4.755989206568349,-4667.957434555802
leduc_poker_neural_tabular_seed0_iter500_epi128_backendrust_devicecpu_20251019_171716,leduc_poker,neural_tabular,rust,cpu,302,2.378208740252626,4.756417480505252,-4048.191851373729
leduc_poker_neural_tabular_seed0_iter500_epi128_backendrust_devicecpu_20251019_171716,leduc_poker,neural_tabular,rust,cpu,303,2.3783988689387536,4.756797737877507,-4285.50663031258
leduc_poker_neural_tabular_seed0_iter500_epi128_backendrust_devicecpu_20251019_171716,leduc_poker,neural_tabular,rust,cpu,304,2.378579228614342,4.757158457228684,-3944.2365915903392
leduc_poker_neural_tabular_seed0_iter500_epi128_backendrust_devicecpu_20251019_171716,leduc_poker,neural_tabular,rust,cpu,305,2.3787740091275382,4.7575480182550764,-3529.646396230151
leduc_poker_neural_tabular_seed0_iter500_epi128_backendrust_devicecpu_20251019_171716,leduc_poker,neural_tabular,rust,cpu,306,2.3789301080893885,4.757860216178777,-6063.021880714126
leduc_poker_neural_tabular_seed0_iter500_epi128_backendrust_devicecpu_20251019_171716,leduc_poker,neural_tabular,rust,cpu,307,2.3790934616149553,4.7581869232299105,-5109.816605552633
leduc_poker_neural_tabular_seed0_iter500_epi128_backendrust_devicecpu_20251019_171716,leduc_poker,neural_tabular,rust,cpu,308,2.3792904677281874,4.758580935456375,-5073.324167619672
leduc_poker_neural_tabular_seed0_iter500_epi128_backendrust_devicecpu_20251019_171716,leduc_poker,neural_tabular,rust,cpu,309,2.379442230600489,4.758884461200978,-5117.1583847451575
leduc_poker_neural_tabular_seed0_iter500_epi128_backendrust_devicecpu_20251019_171716,leduc_poker,neural_tabular,rust,cpu,310,2.37960619849523,4.75921239699046,-5351.09801741307
leduc_poker_neural_tabular_seed0_iter500_epi128_backendrust_devicecpu_20251019_171716,leduc_poker,neural_tabular,rust,cpu,311,2.3797719480324804,4.759543896064961,-4065.3096334464235
leduc_poker_neural_tabular_seed0_iter500_epi128_backendrust_devicecpu_20251019_171716,leduc_poker,neural_tabular,rust,cpu,312,2.379944759420162,4.759889518840324,-4585.441389726234
leduc_poker_neural_tabular_seed0_iter500_epi128_backendrust_devicecpu_20251019_171716,leduc_poker,neural_tabular,rust,cpu,313,2.380283062185936,4.760566124371872,-4734.803440920512
leduc_poker_neural_tabular_seed0_iter500_epi128_backendrust_devicecpu_20251019_171716,leduc_poker,neural_tabular,rust,cpu,314,2.380418313232114,4.760836626464228,-5388.517352561475
leduc_poker_neural_tabular_seed0_iter500_epi128_backendrust_devicecpu_20251019_171716,leduc_poker,neural_tabular,rust,cpu,315,2.380638234768762,4.761276469537524,-4738.722138677555
leduc_poker_neural_tabular_seed0_iter500_epi128_backendrust_devicecpu_20251019_171716,leduc_poker,neural_tabular,rust,cpu,316,2.3808366648887964,4.761673329777593,-5117.040231714664
leduc_poker_neural_tabular_seed0_iter500_epi128_backendrust_devicecpu_20251019_171716,leduc_poker,neural_tabular,rust,cpu,317,2.38104413243398,4.76208826486796,-4783.372348364611
leduc_poker_neural_tabular_seed0_iter500_epi128_backendrust_devicecpu_20251019_171716,leduc_poker,neural_tabular,rust,cpu,318,2.3813100798777174,4.762620159755435,-5270.761915894329
leduc_poker_neural_tabular_seed0_iter500_epi128_backendrust_devicecpu_20251019_171716,leduc_poker,neural_tabular,rust,cpu,319,2.3815871505828126,4.763174301165625,-5087.933367533041
leduc_poker_neural_tabular_seed0_iter500_epi128_backendrust_devicecpu_20251019_171716,leduc_poker,neural_tabular,rust,cpu,320,2.3818327640447547,4.7636655280895095,-6420.501360686784
leduc_poker_neural_tabular_seed0_iter500_epi128_backendrust_devicecpu_20251019_171716,leduc_poker,neural_tabular,rust,cpu,321,2.38211701895104,4.76423403790208,-6082.371606220677
leduc_poker_neural_tabular_seed0_iter500_epi128_backendrust_devicecpu_20251019_171716,leduc_poker,neural_tabular,rust,cpu,322,2.3823798453683693,4.764759690736739,-4640.405629822905
leduc_poker_neural_tabular_seed0_iter500_epi128_backendrust_devicecpu_20251019_171716,leduc_poker,neural_tabular,rust,cpu,323,2.382611081989933,4.765222163979866,-6668.803212976372
leduc_poker_neural_tabular_seed0_iter500_epi128_backendrust_devicecpu_20251019_171716,leduc_poker,neural_tabular,rust,cpu,324,2.382896480048119,4.765792960096238,-6210.9548621826725
leduc_poker_neural_tabular_seed0_iter500_epi128_backendrust_devicecpu_20251019_171716,leduc_poker,neural_tabular,rust,cpu,325,2.383078037838641,4.766156075677282,-6228.2066416521375
leduc_poker_neural_tabular_seed0_iter500_epi128_backendrust_devicecpu_20251019_171716,leduc_poker,neural_tabular,rust,cpu,326,2.3831886582263904,4.766377316452781,-5472.860562336175
leduc_poker_neural_tabular_seed0_iter500_epi128_backendrust_devicecpu_20251019_171716,leduc_poker,neural_tabular,rust,cpu,327,2.383508737461079,4.767017474922158,-6406.238783610822
leduc_poker_neural_tabular_seed0_iter500_epi128_backendrust_devicecpu_20251019_171716,leduc_poker,neural_tabular,rust,cpu,328,2.383645267289813,4.767290534579626,-6128.562585967908
leduc_poker_neural_tabular_seed0_iter500_epi128_backendrust_devicecpu_20251019_171716,leduc_poker,neural_tabular,rust,cpu,329,2.3838146577992707,4.767629315598541,-7322.978368045521
leduc_poker_neural_tabular_seed0_iter500_epi128_backendrust_devicecpu_20251019_171716,leduc_poker,neural_tabular,rust,cpu,330,2.3840394329439536,4.768078865887907,-6251.2812816524165
leduc_poker_neural_tabular_seed0_iter500_epi128_backendrust_devicecpu_20251019_171716,leduc_poker,neural_tabular,rust,cpu,331,2.3842664898514085,4.768532979702817,-5478.858753613759
leduc_poker_neural_tabular_seed0_iter500_epi128_backendrust_devicecpu_20251019_171716,leduc_poker,neural_tabular,rust,cpu,332,2.3844350148319675,4.768870029663935,-7795.068755528972
leduc_poker_neural_tabular_seed0_iter500_epi128_backendrust_devicecpu_20251019_171716,leduc_poker,neural_tabular,rust,cpu,333,2.384505013954885,4.76901002790977,-7360.943444535539
leduc_poker_neural_tabular_seed0_iter500_epi128_backendrust_devicecpu_20251019_171716,leduc_poker,neural_tabular,rust,cpu,334,2.3845183668701493,4.769036733740299,-7794.098971749337
leduc_poker_neural_tabular_seed0_iter500_epi128_backendrust_devicecpu_20251019_171716,leduc_poker,neural_tabular,rust,cpu,335,2.3846826475100307,4.769365295020061,-6172.141052041277
leduc_poker_neural_tabular_seed0_iter500_epi128_backendrust_devicecpu_20251019_171716,leduc_poker,neural_tabular,rust,cpu,336,2.3846932079514507,4.769386415902901,-5279.355433857336
leduc_poker_neural_tabular_seed0_iter500_epi128_backendrust_devicecpu_20251019_171716,leduc_poker,neural_tabular,rust,cpu,337,2.3847811007664896,4.769562201532979,-7214.793811322956
leduc_poker_neural_tabular_seed0_iter500_epi128_backendrust_devicecpu_20251019_171716,leduc_poker,neural_tabular,rust,cpu,338,2.3848128941229736,4.769625788245947,-6693.514672751105
leduc_poker_neural_tabular_seed0_iter500_epi128_backendrust_devicecpu_20251019_171716,leduc_poker,neural_tabular,rust,cpu,339,2.384879894674767,4.769759789349534,-8065.954184076502
leduc_poker_neural_tabular_seed0_iter500_epi128_backendrust_devicecpu_20251019_171716,leduc_poker,neural_tabular,rust,cpu,340,2.384866486470111,4.769732972940222,-9233.65217908964
leduc_poker_neural_tabular_seed0_iter500_epi128_backendrust_devicecpu_20251019_171716,leduc_poker,neural_tabular,rust,cpu,341,2.3849579984816742,4.7699159969633484,-8140.46939137006
leduc_poker_neural_tabular_seed0_iter500_epi128_backendrust_devicecpu_20251019_171716,leduc_poker,neural_tabular,rust,cpu,342,2.385032882842334,4.770065765684668,-7853.064195852887
leduc_poker_neural_tabular_seed0_iter500_epi128_backendrust_devicecpu_20251019_171716,leduc_poker,neural_tabular,rust,cpu,343,2.385077501049336,4.770155002098672,-6827.368996747005
leduc_poker_neural_tabular_seed0_iter500_epi128_backendrust_devicecpu_20251019_171716,leduc_poker,neural_tabular,rust,cpu,344,2.385044475450446,4.770088950900892,-8294.402649447793
leduc_poker_neural_tabular_seed0_iter500_epi128_backendrust_devicecpu_20251019_171716,leduc_poker,neural_tabular,rust,cpu,345,2.3850793164726247,4.770158632945249,-7502.334867120811
leduc_poker_neural_tabular_seed0_iter500_epi128_backendrust_devicecpu_20251019_171716,leduc_poker,neural_tabular,rust,cpu,346,2.385251973012923,4.770503946025846,-8126.704650837367
leduc_poker_neural_tabular_seed0_iter500_epi128_backendrust_devicecpu_20251019_171716,leduc_poker,neural_tabular,rust,cpu,347,2.3853642696072486,4.770728539214497,-7878.378175843174
leduc_poker_neural_tabular_seed0_iter500_epi128_backendrust_devicecpu_20251019_171716,leduc_poker,neural_tabular,rust,cpu,348,2.385494406224745,4.77098881244949,-8103.095237838266
leduc_poker_neural_tabular_seed0_iter500_epi128_backendrust_devicecpu_20251019_171716,leduc_poker,neural_tabular,rust,cpu,349,2.38567073163171,4.77134146326342,-8747.129213343329
leduc_poker_neural_tabular_seed0_iter500_epi128_backendrust_devicecpu_20251019_171716,leduc_poker,neural_tabular,rust,cpu,350,2.3857917671267015,4.771583534253403,-9358.873330820017
leduc_poker_neural_tabular_seed0_iter500_epi128_backendrust_devicecpu_20251019_171716,leduc_poker,neural_tabular,rust,cpu,351,2.3859758632935524,4.771951726587105,-9705.371277290657
leduc_poker_neural_tabular_seed0_iter500_epi128_backendrust_devicecpu_20251019_171716,leduc_poker,neural_tabular,rust,cpu,352,2.386249552697235,4.77249910539447,-8264.149958583286
leduc_poker_neural_tabular_seed0_iter500_epi128_backendrust_devicecpu_20251019_171716,leduc_poker,neural_tabular,rust,cpu,353,2.386412237235098,4.772824474470196,-7189.976925768361
leduc_poker_neural_tabular_seed0_iter500_epi128_backendrust_devicecpu_20251019_171716,leduc_poker,neural_tabular,rust,cpu,354,2.3865370773877883,4.773074154775577,-8163.881943445136
leduc_poker_neural_tabular_seed0_iter500_epi128_backendrust_devicecpu_20251019_171716,leduc_poker,neural_tabular,rust,cpu,355,2.3866442905435963,4.773288581087193,-7408.023328276341
leduc_poker_neural_tabular_seed0_iter500_epi128_backendrust_devicecpu_20251019_171716,leduc_poker,neural_tabular,rust,cpu,356,2.386872864257594,4.773745728515188,-8579.480447567852
leduc_poker_neural_tabular_seed0_iter500_epi128_backendrust_devicecpu_20251019_171716,leduc_poker,neural_tabular,rust,cpu,357,2.387110557156098,4.774221114312196,-10080.745751811988
leduc_poker_neural_tabular_seed0_iter500_epi128_backendrust_devicecpu_20251019_171716,leduc_poker,neural_tabular,rust,cpu,358,2.3874046909756927,4.7748093819513855,-10347.467217373025
leduc_poker_neural_tabular_seed0_iter500_epi128_backendrust_devicecpu_20251019_171716,leduc_poker,neural_tabular,rust,cpu,359,2.3877430726934668,4.7754861453869335,-8550.412236020371
leduc_poker_neural_tabular_seed0_iter500_epi128_backendrust_devicecpu_20251019_171716,leduc_poker,neural_tabular,rust,cpu,360,2.3879296965470975,4.775859393094195,-9653.737215751298
leduc_poker_neural_tabular_seed0_iter500_epi128_backendrust_devicecpu_20251019_171716,leduc_poker,neural_tabular,rust,cpu,361,2.388382362279713,4.776764724559426,-8095.376968397536
leduc_poker_neural_tabular_seed0_iter500_epi128_backendrust_devicecpu_20251019_171716,leduc_poker,neural_tabular,rust,cpu,362,2.3885441683725346,4.777088336745069,-9000.155349268232
leduc_poker_neural_tabular_seed0_iter500_epi128_backendrust_devicecpu_20251019_171716,leduc_poker,neural_tabular,rust,cpu,363,2.3886684705313947,4.7773369410627895,-6970.478229188759
leduc_poker_neural_tabular_seed0_iter500_epi128_backendrust_devicecpu_20251019_171716,leduc_poker,neural_tabular,rust,cpu,364,2.3888641891583147,4.777728378316629,-8186.403509425167
leduc_poker_neural_tabular_seed0_iter500_epi128_backendrust_devicecpu_20251019_171716,leduc_poker,neural_tabular,rust,cpu,365,2.389197084568317,4.778394169136634,-8765.339998783038
leduc_poker_neural_tabular_seed0_iter500_epi128_backendrust_devicecpu_20251019_171716,leduc_poker,neural_tabular,rust,cpu,366,2.3896908039849447,4.779381607969889,-7830.183736165364
leduc_poker_neural_tabular_seed0_iter500_epi128_backendrust_devicecpu_20251019_171716,leduc_poker,neural_tabular,rust,cpu,367,2.3900166159279825,4.780033231855965,-8338.859701305324
leduc_poker_neural_tabular_seed0_iter500_epi128_backendrust_devicecpu_20251019_171716,leduc_poker,neural_tabular,rust,cpu,368,2.3903308200823217,4.780661640164643,-10015.166206156953
leduc_poker_neural_tabular_seed0_iter500_epi128_backendrust_devicecpu_20251019_171716,leduc_poker,neural_tabular,rust,cpu,369,2.3905177652308605,4.781035530461721,-10228.872559421852
leduc_poker_neural_tabular_seed0_iter500_epi128_backendrust_devicecpu_20251019_171716,leduc_poker,neural_tabular,rust,cpu,370,2.3908562108952793,4.781712421790559,-6737.47105013813
leduc_poker_neural_tabular_seed0_iter500_epi128_backendrust_devicecpu_20251019_171716,leduc_poker,neural_tabular,rust,cpu,371,2.3912526045381552,4.7825052090763105,-7530.843118727415
leduc_poker_neural_tabular_seed0_iter500_epi128_backendrust_devicecpu_20251019_171716,leduc_poker,neural_tabular,rust,cpu,372,2.3915981206335086,4.783196241267017,-8111.230671339768
leduc_poker_neural_tabular_seed0_iter500_epi128_backendrust_devicecpu_20251019_171716,leduc_poker,neural_tabular,rust,cpu,373,2.3919236662144825,4.783847332428965,-8696.562136410445
leduc_poker_neural_tabular_seed0_iter500_epi128_backendrust_devicecpu_20251019_171716,leduc_poker,neural_tabular,rust,cpu,374,2.3922174231414326,4.784434846282865,-8611.40839696178
leduc_poker_neural_tabular_seed0_iter500_epi128_backendrust_devicecpu_20251019_171716,leduc_poker,neural_tabular,rust,cpu,375,2.3924734554997538,4.7849469109995075,-12088.486699044288
leduc_poker_neural_tabular_seed0_iter500_epi128_backendrust_devicecpu_20251019_171716,leduc_poker,neural_tabular,rust,cpu,376,2.3928225037723654,4.785645007544731,-12810.771897976716
leduc_poker_neural_tabular_seed0_iter500_epi128_backendrust_devicecpu_20251019_171716,leduc_poker,neural_tabular,rust,cpu,377,2.393118714501315,4.78623742900263,-11017.962397207622
leduc_poker_neural_tabular_seed0_iter500_epi128_backendrust_devicecpu_20251019_171716,leduc_poker,neural_tabular,rust,cpu,378,2.3934122468554175,4.786824493710835,-12003.733630609928
leduc_poker_neural_tabular_seed0_iter500_epi128_backendrust_devicecpu_20251019_171716,leduc_poker,neural_tabular,rust,cpu,379,2.393758226127253,4.787516452254506,-9617.71434181409
leduc_poker_neural_tabular_seed0_iter500_epi128_backendrust_devicecpu_20251019_171716,leduc_poker,neural_tabular,rust,cpu,380,2.394060483618432,4.788120967236864,-8658.87531848318
leduc_poker_neural_tabular_seed0_iter500_epi128_backendrust_devicecpu_20251019_171716,leduc_poker,neural_tabular,rust,cpu,381,2.3943400099185417,4.788680019837083,-8216.63982674854
leduc_poker_neural_tabular_seed0_iter500_epi128_backendrust_devicecpu_20251019_171716,leduc_poker,neural_tabular,rust,cpu,382,2.394639152421889,4.789278304843778,-12524.209678677296
leduc_poker_neural_tabular_seed0_iter500_epi128_backendrust_devicecpu_20251019_171716,leduc_poker,neural_tabular,rust,cpu,383,2.3949320350331393,4.789864070066279,-9992.088233961116
leduc_poker_neural_tabular_seed0_iter500_epi128_backendrust_devicecpu_20251019_171716,leduc_poker,neural_tabular,rust,cpu,384,2.395102908218867,4.790205816437734,-12743.781654158187
leduc_poker_neural_tabular_seed0_iter500_epi128_backendrust_devicecpu_20251019_171716,leduc_poker,neural_tabular,rust,cpu,385,2.395404867155988,4.790809734311976,-11990.952982066668
leduc_poker_neural_tabular_seed0_iter500_epi128_backendrust_devicecpu_20251019_171716,leduc_poker,neural_tabular,rust,cpu,386,2.395650279176488,4.791300558352976,-12797.517368177814
leduc_poker_neural_tabular_seed0_iter500_epi128_backendrust_devicecpu_20251019_171716,leduc_poker,neural_tabular,rust,cpu,387,2.395844854926497,4.791689709852994,-13112.209428018994
leduc_poker_neural_tabular_seed0_iter500_epi128_backendrust_devicecpu_20251019_171716,leduc_poker,neural_tabular,rust,cpu,388,2.3961280437696493,4.7922560875392985,-13034.616306141445
leduc_poker_neural_tabular_seed0_iter500_epi128_backendrust_devicecpu_20251019_171716,leduc_poker,neural_tabular,rust,cpu,389,2.3963332893419818,4.7926665786839635,-8449.61913396901
leduc_poker_neural_tabular_seed0_iter500_epi128_backendrust_devicecpu_20251019_171716,leduc_poker,neural_tabular,rust,cpu,390,2.3964589317609946,4.792917863521989,-9537.07827529512
leduc_poker_neural_tabular_seed0_iter500_epi128_backendrust_devicecpu_20251019_171716,leduc_poker,neural_tabular,rust,cpu,391,2.396656820804811,4.793313641609622,-10478.216560140198
leduc_poker_neural_tabular_seed0_iter500_epi128_backendrust_devicecpu_20251019_171716,leduc_poker,neural_tabular,rust,cpu,392,2.39680082899167,4.79360165798334,-13126.050212206907
leduc_poker_neural_tabular_seed0_iter500_epi128_backendrust_devicecpu_20251019_171716,leduc_poker,neural_tabular,rust,cpu,393,2.3970493400469017,4.7940986800938035,-12430.039603819821
leduc_poker_neural_tabular_seed0_iter500_epi128_backendrust_devicecpu_20251019_171716,leduc_poker,neural_tabular,rust,cpu,394,2.397220323823937,4.794440647647874,-14551.640234548335
leduc_poker_neural_tabular_seed0_iter500_epi128_backendrust_devicecpu_20251019_171716,leduc_poker,neural_tabular,rust,cpu,395,2.397477520396955,4.79495504079391,-14037.752735734186
leduc_poker_neural_tabular_seed0_iter500_epi128_backendrust_devicecpu_20251019_171716,leduc_poker,neural_tabular,rust,cpu,396,2.397789876233211,4.795579752466422,-11287.251190104238
leduc_poker_neural_tabular_seed0_iter500_epi128_backendrust_devicecpu_20251019_171716,leduc_poker,neural_tabular,rust,cpu,397,2.398196941037938,4.796393882075876,-11109.948485182415
leduc_poker_neural_tabular_seed0_iter500_epi128_backendrust_devicecpu_20251019_171716,leduc_poker,neural_tabular,rust,cpu,398,2.398580173412377,4.797160346824754,-12694.00415729924
leduc_poker_neural_tabular_seed0_iter500_epi128_backendrust_devicecpu_20251019_171716,leduc_poker,neural_tabular,rust,cpu,399,2.399091148810577,4.798182297621154,-10948.932537152863
leduc_poker_neural_tabular_seed0_iter500_epi128_backendrust_devicecpu_20251019_171716,leduc_poker,neural_tabular,rust,cpu,400,2.399560912373891,4.799121824747782,-11812.07700948964
leduc_poker_neural_tabular_seed0_iter500_epi128_backendrust_devicecpu_20251019_171716,leduc_poker,neural_tabular,rust,cpu,401,2.3998614321284135,4.799722864256827,-13398.601199068155
leduc_poker_neural_tabular_seed0_iter500_epi128_backendrust_devicecpu_20251019_171716,leduc_poker,neural_tabular,rust,cpu,402,2.4000938892585015,4.800187778517003,-12770.29725628869
leduc_poker_neural_tabular_seed0_iter500_epi128_backendrust_devicecpu_20251019_171716,leduc_poker,neural_tabular,rust,cpu,403,2.400383055028258,4.800766110056516,-12273.623907315981
leduc_poker_neural_tabular_seed0_iter500_epi128_backendrust_devicecpu_20251019_171716,leduc_poker,neural_tabular,rust,cpu,404,2.4005274202352593,4.801054840470519,-12189.957635226316
leduc_poker_neural_tabular_seed0_iter500_epi128_backendrust_devicecpu_20251019_171716,leduc_poker,neural_tabular,rust,cpu,405,2.400847860862105,4.80169572172421,-13204.442660816929
leduc_poker_neural_tabular_seed0_iter500_epi128_backendrust_devicecpu_20251019_171716,leduc_poker,neural_tabular,rust,cpu,406,2.401138406749266,4.802276813498532,-12431.109030218495
leduc_poker_neural_tabular_seed0_iter500_epi128_backendrust_devicecpu_20251019_171716,leduc_poker,neural_tabular,rust,cpu,407,2.401418754329175,4.80283750865835,-12956.183590239129
leduc_poker_neural_tabular_seed0_iter500_epi128_backendrust_devicecpu_20251019_171716,leduc_poker,neural_tabular,rust,cpu,408,2.4016870647358557,4.803374129471711,-12513.138466550114
leduc_poker_neural_tabular_seed0_iter500_epi128_backendrust_devicecpu_20251019_171716,leduc_poker,neural_tabular,rust,cpu,409,2.4020970718454384,4.804194143690877,-16758.435727608077
leduc_poker_neural_tabular_seed0_iter500_epi128_backendrust_devicecpu_20251019_171716,leduc_poker,neural_tabular,rust,cpu,410,2.402263746162117,4.804527492324234,-11913.40365711927
leduc_poker_neural_tabular_seed0_iter500_epi128_backendrust_devicecpu_20251019_171716,leduc_poker,neural_tabular,rust,cpu,411,2.4025363233516757,4.805072646703351,-14876.475874917092
leduc_poker_neural_tabular_seed0_iter500_epi128_backendrust_devicecpu_20251019_171716,leduc_poker,neural_tabular,rust,cpu,412,2.4027112843368448,4.8054225686736896,-13562.187981789237
leduc_poker_neural_tabular_seed0_iter500_epi128_backendrust_devicecpu_20251019_171716,leduc_poker,neural_tabular,rust,cpu,413,2.402908896329345,4.80581779265869,-13777.150677042506
leduc_poker_neural_tabular_seed0_iter500_epi128_backendrust_devicecpu_20251019_171716,leduc_poker,neural_tabular,rust,cpu,414,2.4032184324692683,4.8064368649385365,-14150.542727386151
leduc_poker_neural_tabular_seed0_iter500_epi128_backendrust_devicecpu_20251019_171716,leduc_poker,neural_tabular,rust,cpu,415,2.403520817844319,4.807041635688638,-14364.72755579295
leduc_poker_neural_tabular_seed0_iter500_epi128_backendrust_devicecpu_20251019_171716,leduc_poker,neural_tabular,rust,cpu,416,2.4035674360175743,4.8071348720351486,-11819.348682981943
leduc_poker_neural_tabular_seed0_iter500_epi128_backendrust_devicecpu_20251019_171716,leduc_poker,neural_tabular,rust,cpu,417,2.403921553307782,4.807843106615564,-14067.373964490118
leduc_poker_neural_tabular_seed0_iter500_epi128_backendrust_devicecpu_20251019_171716,leduc_poker,neural_tabular,rust,cpu,418,2.4042816204742445,4.808563240948489,-16728.775134758926
leduc_poker_neural_tabular_seed0_iter500_epi128_backendrust_devicecpu_20251019_171716,leduc_poker,neural_tabular,rust,cpu,419,2.4046666022874685,4.809333204574937,-18475.256715774536
leduc_poker_neural_tabular_seed0_iter500_epi128_backendrust_devicecpu_20251019_171716,leduc_poker,neural_tabular,rust,cpu,420,2.4050434599065014,4.810086919813003,-17729.796787791784
leduc_poker_neural_tabular_seed0_iter500_epi128_backendrust_devicecpu_20251019_171716,leduc_poker,neural_tabular,rust,cpu,421,2.4054345540197346,4.810869108039469,-19605.140049254973
leduc_poker_neural_tabular_seed0_iter500_epi128_backendrust_devicecpu_20251019_171716,leduc_poker,neural_tabular,rust,cpu,422,2.4057627133161725,4.811525426632345,-14192.436016638805
leduc_poker_neural_tabular_seed0_iter500_epi128_backendrust_devicecpu_20251019_171716,leduc_poker,neural_tabular,rust,cpu,423,2.4061054058097064,4.812210811619413,-20676.015414504196
leduc_poker_neural_tabular_seed0_iter500_epi128_backendrust_devicecpu_20251019_171716,leduc_poker,neural_tabular,rust,cpu,424,2.406337026593236,4.812674053186472,-16734.670978854083
leduc_poker_neural_tabular_seed0_iter500_epi128_backendrust_devicecpu_20251019_171716,leduc_poker,neural_tabular,rust,cpu,425,2.4065541721716004,4.813108344343201,-16915.697765356646
leduc_poker_neural_tabular_seed0_iter500_epi128_backendrust_devicecpu_20251019_171716,leduc_poker,neural_tabular,rust,cpu,426,2.4067688761721113,4.813537752344223,-20847.476601777737
leduc_poker_neural_tabular_seed0_iter500_epi128_backendrust_devicecpu_20251019_171716,leduc_poker,neural_tabular,rust,cpu,427,2.406961427355218,4.813922854710436,-17997.596368491955
leduc_poker_neural_tabular_seed0_iter500_epi128_backendrust_devicecpu_20251019_171716,leduc_poker,neural_tabular,rust,cpu,428,2.407187220927888,4.814374441855776,-16838.68666966975
leduc_poker_neural_tabular_seed0_iter500_epi128_backendrust_devicecpu_20251019_171716,leduc_poker,neural_tabular,rust,cpu,429,2.4073437400080286,4.814687480016057,-16134.370540586404
leduc_poker_neural_tabular_seed0_iter500_epi128_backendrust_devicecpu_20251019_171716,leduc_poker,neural_tabular,rust,cpu,430,2.4076068159140434,4.815213631828087,-17223.153269361414
leduc_poker_neural_tabular_seed0_iter500_epi128_backendrust_devicecpu_20251019_171716,leduc_poker,neural_tabular,rust,cpu,431,2.4079657843503792,4.8159315687007584,-20046.92870737017
leduc_poker_neural_tabular_seed0_iter500_epi128_backendrust_devicecpu_20251019_171716,leduc_poker,neural_tabular,rust,cpu,432,2.4081934702122263,4.816386940424453,-20795.41924523654
leduc_poker_neural_tabular_seed0_iter500_epi128_backendrust_devicecpu_20251019_171716,leduc_poker,neural_tabular,rust,cpu,433,2.408336774615046,4.816673549230092,-15528.446779096084
leduc_poker_neural_tabular_seed0_iter500_epi128_backendrust_devicecpu_20251019_171716,leduc_poker,neural_tabular,rust,cpu,434,2.408492709396599,4.816985418793198,-15136.83593857224
leduc_poker_neural_tabular_seed0_iter500_epi128_backendrust_devicecpu_20251019_171716,leduc_poker,neural_tabular,rust,cpu,435,2.408728736116457,4.817457472232914,-16315.845512390137
leduc_poker_neural_tabular_seed0_iter500_epi128_backendrust_devicecpu_20251019_171716,leduc_poker,neural_tabular,rust,cpu,436,2.4088770776093202,4.8177541552186405,-20182.80118624814
leduc_poker_neural_tabular_seed0_iter500_epi128_backendrust_devicecpu_20251019_171716,leduc_poker,neural_tabular,rust,cpu,437,2.4091101477071346,4.818220295414269,-20179.755088141024
leduc_poker_neural_tabular_seed0_iter500_epi128_backendrust_devicecpu_20251019_171716,leduc_poker,neural_tabular,rust,cpu,438,2.4092684893928356,4.818536978785671,-21969.087101792637
leduc_poker_neural_tabular_seed0_iter500_epi128_backendrust_devicecpu_20251019_171716,leduc_poker,neural_tabular,rust,cpu,439,2.4094567874134505,4.818913574826901,-17869.34752620786
leduc_poker_neural_tabular_seed0_iter500_epi128_backendrust_devicecpu_20251019_171716,leduc_poker,neural_tabular,rust,cpu,440,2.409746956587152,4.819493913174304,-21262.698612279593
leduc_poker_neural_tabular_seed0_iter500_epi128_backendrust_devicecpu_20251019_171716,leduc_poker,neural_tabular,rust,cpu,441,2.4100631300512436,4.820126260102487,-19408.161665736017
leduc_poker_neural_tabular_seed0_iter500_epi128_backendrust_devicecpu_20251019_171716,leduc_poker,neural_tabular,rust,cpu,442,2.410404363061458,4.820808726122916,-19897.323399826575
leduc_poker_neural_tabular_seed0_iter500_epi128_backendrust_devicecpu_20251019_171716,leduc_poker,neural_tabular,rust,cpu,443,2.410781819971011,4.821563639942022,-15859.444279347621
leduc_poker_neural_tabular_seed0_iter500_epi128_backendrust_devicecpu_20251019_171716,leduc_poker,neural_tabular,rust,cpu,444,2.41115557423744,4.82231114847488,-20719.644797162946
leduc_poker_neural_tabular_seed0_iter500_epi128_backendrust_devicecpu_20251019_171716,leduc_poker,neural_tabular,rust,cpu,445,2.4114505238012205,4.822901047602441,-24144.64530286805
leduc_poker_neural_tabular_seed0_iter500_epi128_backendrust_devicecpu_20251019_171716,leduc_poker,neural_tabular,rust,cpu,446,2.4117755634607745,4.823551126921549,-18976.732924546868
leduc_poker_neural_tabular_seed0_iter500_epi128_backendrust_devicecpu_20251019_171716,leduc_poker,neural_tabular,rust,cpu,447,2.412219706616222,4.824439413232444,-20307.268281547586
leduc_poker_neural_tabular_seed0_iter500_epi128_backendrust_devicecpu_20251019_171716,leduc_poker,neural_tabular,rust,cpu,448,2.412539771429291,4.825079542858582,-21426.88421946102
leduc_poker_neural_tabular_seed0_iter500_epi128_backendrust_devicecpu_20251019_171716,leduc_poker,neural_tabular,rust,cpu,449,2.412799413035349,4.825598826070698,-22145.856524265986
leduc_poker_neural_tabular_seed0_iter500_epi128_backendrust_devicecpu_20251019_171716,leduc_poker,neural_tabular,rust,cpu,450,2.413070312471329,4.826140624942658,-21435.162822016962
leduc_poker_neural_tabular_seed0_iter500_epi128_backendrust_devicecpu_20251019_171716,leduc_poker,neural_tabular,rust,cpu,451,2.4133416037983286,4.826683207596657,-24675.044469863755
leduc_poker_neural_tabular_seed0_iter500_epi128_backendrust_devicecpu_20251019_171716,leduc_poker,neural_tabular,rust,cpu,452,2.4135963104841505,4.827192620968301,-19329.330419378766
leduc_poker_neural_tabular_seed0_iter500_epi128_backendrust_devicecpu_20251019_171716,leduc_poker,neural_tabular,rust,cpu,453,2.4139147460665678,4.8278294921331355,-13892.050908634581
leduc_poker_neural_tabular_seed0_iter500_epi128_backendrust_devicecpu_20251019_171716,leduc_poker,neural_tabular,rust,cpu,454,2.414227705792627,4.828455411585254,-14111.56493594355
leduc_poker_neural_tabular_seed0_iter500_epi128_backendrust_devicecpu_20251019_171716,leduc_poker,neural_tabular,rust,cpu,455,2.414477131704479,4.828954263408958,-14323.446708405323
leduc_poker_neural_tabular_seed0_iter500_epi128_backendrust_devicecpu_20251019_171716,leduc_poker,neural_tabular,rust,cpu,456,2.4148816575507865,4.829763315101573,-13793.828273991365
leduc_poker_neural_tabular_seed0_iter500_epi128_backendrust_devicecpu_20251019_171716,leduc_poker,neural_tabular,rust,cpu,457,2.4152236454152423,4.8304472908304845,-24206.6108079806
leduc_poker_neural_tabular_seed0_iter500_epi128_backendrust_devicecpu_20251019_171716,leduc_poker,neural_tabular,rust,cpu,458,2.415598517615535,4.83119703523107,-23988.691058201774
leduc_poker_neural_tabular_seed0_iter500_epi128_backendrust_devicecpu_20251019_171716,leduc_poker,neural_tabular,rust,cpu,459,2.415864310919685,4.83172862183937,-25429.929825175288
leduc_poker_neural_tabular_seed0_iter500_epi128_backendrust_devicecpu_20251019_171716,leduc_poker,neural_tabular,rust,cpu,460,2.4162303637505533,4.832460727501107,-21395.55377859747
leduc_poker_neural_tabular_seed0_iter500_epi128_backendrust_devicecpu_20251019_171716,leduc_poker,neural_tabular,rust,cpu,461,2.4164768461273938,4.8329536922547875,-20368.573675805943
leduc_poker_neural_tabular_seed0_iter500_epi128_backendrust_devicecpu_20251019_171716,leduc_poker,neural_tabular,rust,cpu,462,2.416708069187366,4.833416138374732,-23046.90777717422
leduc_poker_neural_tabular_seed0_iter500_epi128_backendrust_devicecpu_20251019_171716,leduc_poker,neural_tabular,rust,cpu,463,2.416959103424412,4.833918206848824,-16358.56098479963
leduc_poker_neural_tabular_seed0_iter500_epi128_backendrust_devicecpu_20251019_171716,leduc_poker,neural_tabular,rust,cpu,464,2.41722075932494,4.83444151864988,-17006.17930123006
leduc_poker_neural_tabular_seed0_iter500_epi128_backendrust_devicecpu_20251019_171716,leduc_poker,neural_tabular,rust,cpu,465,2.4174728992002876,4.834945798400575,-18952.965575205486
leduc_poker_neural_tabular_seed0_iter500_epi128_backendrust_devicecpu_20251019_171716,leduc_poker,neural_tabular,rust,cpu,466,2.417747530055423,4.835495060110846,-15826.382158124768
leduc_poker_neural_tabular_seed0_iter500_epi128_backendrust_devicecpu_20251019_171716,leduc_poker,neural_tabular,rust,cpu,467,2.4181504811446053,4.836300962289211,-19872.575407281885
leduc_poker_neural_tabular_seed0_iter500_epi128_backendrust_devicecpu_20251019_171716,leduc_poker,neural_tabular,rust,cpu,468,2.4169682692384287,4.833936538476857,-22074.66126737694
leduc_poker_neural_tabular_seed0_iter500_epi128_backendrust_devicecpu_20251019_171716,leduc_poker,neural_tabular,rust,cpu,469,2.59569895489528,5.19139790979056,-19398.533725661524
leduc_poker_neural_tabular_seed0_iter500_epi128_backendrust_devicecpu_20251019_171716,leduc_poker,neural_tabular,rust,cpu,470,2.605087891950987,5.210175783901974,-18492.801268642033
leduc_poker_neural_tabular_seed0_iter500_epi128_backendrust_devicecpu_20251019_171716,leduc_poker,neural_tabular,rust,cpu,471,2.6061138445258005,5.212227689051601,-20180.27251976415
leduc_poker_neural_tabular_seed0_iter500_epi128_backendrust_devicecpu_20251019_171716,leduc_poker,neural_tabular,rust,cpu,472,2.606996748583504,5.213993497167008,-18670.869618843954
leduc_poker_neural_tabular_seed0_iter500_epi128_backendrust_devicecpu_20251019_171716,leduc_poker,neural_tabular,rust,cpu,473,2.607779235249494,5.215558470498988,-18949.243927505544
leduc_poker_neural_tabular_seed0_iter500_epi128_backendrust_devicecpu_20251019_171716,leduc_poker,neural_tabular,rust,cpu,474,2.608565977384216,5.217131954768432,-14396.377752207622
leduc_poker_neural_tabular_seed0_iter500_epi128_backendrust_devicecpu_20251019_171716,leduc_poker,neural_tabular,rust,cpu,475,2.609246778628936,5.218493557257872,-18294.042594800154
leduc_poker_neural_tabular_seed0_iter500_epi128_backendrust_devicecpu_20251019_171716,leduc_poker,neural_tabular,rust,cpu,476,2.6100671927249657,5.220134385449931,-14092.514008777454
leduc_poker_neural_tabular_seed0_iter500_epi128_backendrust_devicecpu_20251019_171716,leduc_poker,neural_tabular,rust,cpu,477,2.6110092274472647,5.222018454894529,-19426.94347879161
leduc_poker_neural_tabular_seed0_iter500_epi128_backendrust_devicecpu_20251019_171716,leduc_poker,neural_tabular,rust,cpu,478,2.6117200491580626,5.223440098316125,-27706.92787077189
leduc_poker_neural_tabular_seed0_iter500_epi128_backendrust_devicecpu_20251019_171716,leduc_poker,neural_tabular,rust,cpu,479,2.6124595243012467,5.2249190486024935,-17115.036792666997
leduc_poker_neural_tabular_seed0_iter500_epi128_backendrust_devicecpu_20251019_171716,leduc_poker,neural_tabular,rust,cpu,480,2.613197949357578,5.226395898715156,-20377.918096611604
leduc_poker_neural_tabular_seed0_iter500_epi128_backendrust_devicecpu_20251019_171716,leduc_poker,neural_tabular,rust,cpu,481,2.613926419569135,5.22785283913827,-22357.371827842726
leduc_poker_neural_tabular_seed0_iter500_epi128_backendrust_devicecpu_20251019_171716,leduc_poker,neural_tabular,rust,cpu,482,2.6145963980222824,5.229192796044565,-16543.14061111475
leduc_poker_neural_tabular_seed0_iter500_epi128_backendrust_devicecpu_20251019_171716,leduc_poker,neural_tabular,rust,cpu,483,2.6152421173321962,5.2304842346643925,-15208.525307191621
leduc_poker_neural_tabular_seed0_iter500_epi128_backendrust_devicecpu_20251019_171716,leduc_poker,neural_tabular,rust,cpu,484,2.616002367026823,5.232004734053646,-11942.09819899188
leduc_poker_neural_tabular_seed0_iter500_epi128_backendrust_devicecpu_20251019_171716,leduc_poker,neural_tabular,rust,cpu,485,2.616723888226887,5.233447776453774,-26146.851186099888
leduc_poker_neural_tabular_seed0_iter500_epi128_backendrust_devicecpu_20251019_171716,leduc_poker,neural_tabular,rust,cpu,486,2.6174342079560504,5.234868415912101,-24140.407039611116
leduc_poker_neural_tabular_seed0_iter500_epi128_backendrust_devicecpu_20251019_171716,leduc_poker,neural_tabular,rust,cpu,487,2.6180914656506475,5.236182931301295,-31391.15189589334
leduc_poker_neural_tabular_seed0_iter500_epi128_backendrust_devicecpu_20251019_171716,leduc_poker,neural_tabular,rust,cpu,488,2.6187636917119743,5.237527383423949,-22119.255306861513
leduc_poker_neural_tabular_seed0_iter500_epi128_backendrust_devicecpu_20251019_171716,leduc_poker,neural_tabular,rust,cpu,489,2.619367519903318,5.238735039806636,-18257.410137870655
leduc_poker_neural_tabular_seed0_iter500_epi128_backendrust_devicecpu_20251019_171716,leduc_poker,neural_tabular,rust,cpu,490,2.619995735251572,5.239991470503144,-19797.40209303485
leduc_poker_neural_tabular_seed0_iter500_epi128_backendrust_devicecpu_20251019_171716,leduc_poker,neural_tabular,rust,cpu,491,2.620619618127125,5.24123923625425,-18927.05376916808
leduc_poker_neural_tabular_seed0_iter500_epi128_backendrust_devicecpu_20251019_171716,leduc_poker,neural_tabular,rust,cpu,492,2.6213339342602495,5.242667868520499,-22529.999506356235
leduc_poker_neural_tabular_seed0_iter500_epi128_backendrust_devicecpu_20251019_171716,leduc_poker,neural_tabular,rust,cpu,493,2.621871519011666,5.243743038023332,-18504.441961562672
leduc_poker_neural_tabular_seed0_iter500_epi128_backendrust_devicecpu_20251019_171716,leduc_poker,neural_tabular,rust,cpu,494,2.622477395217807,5.244954790435614,-18744.882539542617
leduc_poker_neural_tabular_seed0_iter500_epi128_backendrust_devicecpu_20251019_171716,leduc_poker,neural_tabular,rust,cpu,495,2.623021168144416,5.246042336288832,-19671.786533633032
leduc_poker_neural_tabular_seed0_iter500_epi128_backendrust_devicecpu_20251019_171716,leduc_poker,neural_tabular,rust,cpu,496,2.623651015129904,5.247302030259808,-21190.713405690793
leduc_poker_neural_tabular_seed0_iter500_epi128_backendrust_devicecpu_20251019_171716,leduc_poker,neural_tabular,rust,cpu,497,2.624357696098235,5.24871539219647,-30670.58899123626
leduc_poker_neural_tabular_seed0_iter500_epi128_backendrust_devicecpu_20251019_171716,leduc_poker,neural_tabular,rust,cpu,498,2.6250318408764257,5.250063681752851,-18094.388291007912
leduc_poker_neural_tabular_seed0_iter500_epi128_backendrust_devicecpu_20251019_171716,leduc_poker,neural_tabular,rust,cpu,499,2.625699162856134,5.251398325712268,-20728.35813518147
leduc_poker_neural_tabular_seed0_iter500_epi128_backendrust_devicecpu_20251019_171716,leduc_poker,neural_tabular,rust,cpu,500,2.626251663217415,5.25250332643483,-22403.10350789964
